ID,Sex,Age,Education,Income,Settlement size,Marital status_single,Occupation_skilled employee / official,Occupation_unemployed / unskilled
100000001,0,67,2.0,124670,2,True,True,False
100000002,1,22,1.0,150773,2,False,True,False
100000003,0,49,1.0,89210,0,True,False,True
100000004,0,45,1.0,171565,1,True,True,False
100000005,0,53,1.0,149031,1,True,True,False
100000006,0,35,1.0,144848,0,True,False,True
100000007,0,53,1.0,156495,1,True,True,False
100000008,0,35,1.0,193621,1,True,False,False
100000009,0,61,2.0,151591,0,False,False,True
100000010,0,28,1.0,174646,0,False,False,False
100000011,1,25,1.0,108469,0,False,True,False
100000012,1,24,1.0,127596,0,False,True,False
100000013,1,22,1.0,108687,2,False,True,False
100000014,0,60,2.0,89374,0,True,False,True
100000015,1,28,1.0,102899,1,False,True,False
100000016,1,32,1.0,88428,0,False,False,True
100000017,0,53,1.0,125550,0,True,True,False
100000018,0,25,0.0,157434,2,True,True,False
100000019,1,44,2.0,261952,2,False,False,False
100000020,0,31,0.0,144657,1,True,True,False
100000021,0,48,1.0,118777,1,True,True,False
100000022,0,44,1.0,147511,1,True,True,False
100000023,0,48,1.0,89804,0,True,False,True
100000024,0,44,1.0,134918,2,True,True,False
100000025,0,26,1.0,103667,2,False,True,False
100000026,0,36,1.0,71909,0,True,False,True
100000027,0,39,1.0,68264,0,False,False,True
100000028,1,42,2.0,163025,1,False,True,False
100000029,0,34,1.0,119307,1,True,True,False
100000030,0,63,2.0,175882,0,True,True,False
100000031,0,36,1.0,159646,1,False,True,False
100000032,0,27,0.0,120131,1,True,True,False
100000033,0,30,0.0,162745,2,True,True,False
100000034,0,57,2.0,87605,0,True,False,True
100000035,1,33,1.0,155569,1,False,False,False
100000036,0,25,0.0,104505,0,True,False,True
100000037,0,31,0.0,143385,2,True,True,False
100000038,0,37,1.0,127676,1,True,True,False
100000039,0,37,1.0,119276,1,True,True,False
100000040,0,24,0.0,92542,1,True,True,False
100000041,0,30,0.0,163329,1,True,False,False
100000042,0,26,1.0,130921,0,False,True,False
100000043,0,44,1.0,133658,0,True,False,True
100000044,0,24,1.0,155104,1,False,True,False
100000045,1,58,2.0,142335,1,False,False,True
100000046,1,35,1.0,138387,1,False,False,False
100000047,0,39,1.0,140182,0,True,True,False
100000048,1,23,1.0,65421,0,False,False,True
100000049,0,39,1.0,130500,0,True,False,True
100000050,1,28,1.0,122831,0,False,True,False
100000051,0,29,0.0,84531,0,True,False,True
100000052,0,30,0.0,180196,2,True,False,False
100000053,0,25,0.0,92058,2,True,True,False
100000054,0,31,0.0,117158,0,True,True,False
100000055,0,57,2.0,135830,1,True,True,False
100000056,0,26,0.0,58258,0,True,False,True
100000057,0,52,1.0,202575,2,True,False,False
100000058,1,31,1.0,183657,1,False,True,False
100000059,1,23,1.0,152267,1,False,False,False
100000060,1,23,1.0,115240,0,False,False,True
100000061,0,27,1.0,106955,2,False,True,False
100000062,0,50,1.0,123641,1,True,True,False
100000063,0,61,2.0,166410,1,True,False,False
100000064,0,25,0.0,227385,2,True,True,False
100000065,1,26,1.0,118372,1,False,True,False
100000066,0,48,1.0,148115,1,True,True,False
100000067,1,29,1.0,111069,0,False,True,False
100000068,0,22,1.0,139780,0,False,True,False
100000069,0,37,1.0,106978,2,True,True,False
100000070,1,25,1.0,110019,2,False,True,False
100000071,1,30,1.0,169102,1,False,True,False
100000072,0,46,1.0,73703,0,True,False,True
100000073,0,51,1.0,141858,2,True,False,False
100000074,1,41,2.0,135959,0,False,False,True
100000075,0,40,1.0,140888,2,True,False,False
100000076,0,66,2.0,157299,2,True,False,False
100000077,0,34,1.0,125187,1,True,True,False
100000078,0,51,1.0,155486,2,True,True,False
100000079,0,39,1.0,151697,0,True,False,True
100000080,0,22,1.0,126400,1,False,True,False
100000081,1,44,2.0,159246,2,False,True,False
100000082,0,47,1.0,136138,1,True,True,False
100000083,1,24,1.0,84792,0,False,False,True
100000084,1,58,2.0,100210,0,False,False,True
100000085,0,52,1.0,93706,0,True,False,True
100000086,1,29,1.0,133783,1,False,False,False
100000087,1,27,1.0,110064,2,False,True,False
100000088,0,47,1.0,241068,1,True,True,False
100000089,0,30,0.0,149022,2,True,False,False
100000090,0,28,0.0,92973,2,True,True,False
100000091,0,56,1.0,110605,1,True,True,False
100000092,0,54,1.0,116604,1,True,True,False
100000093,1,33,1.0,71070,0,False,False,True
100000094,0,20,0.0,128678,1,True,True,False
100000095,0,54,1.0,165230,2,True,True,False
100000096,0,58,2.0,268340,1,True,True,False
100000097,1,61,2.0,135070,1,False,True,False
100000098,0,34,1.0,134794,2,True,True,False
100000099,0,36,1.0,120153,1,True,True,False
100000100,0,36,1.0,195465,2,True,False,False
100000101,0,41,1.0,93372,0,False,False,True
100000102,0,24,0.0,110446,0,True,True,False
100000103,1,24,1.0,95186,1,False,True,False
100000104,0,35,1.0,115343,1,True,True,False
100000105,0,26,1.0,107276,1,False,True,False
100000106,0,39,1.0,244716,2,True,False,False
100000107,0,39,1.0,183108,2,True,False,False
100000108,0,32,0.0,152876,2,True,True,False
100000109,1,30,1.0,165147,0,False,True,False
100000110,0,35,1.0,140520,0,False,True,False
100000111,0,31,1.0,124203,1,False,True,False
100000112,1,23,1.0,107205,1,False,True,False
100000113,0,28,0.0,121432,2,True,False,True
100000114,1,25,1.0,162445,0,False,True,False
100000115,0,35,1.0,134112,1,False,True,False
100000116,0,47,1.0,131842,1,True,True,False
100000117,1,30,1.0,189896,0,False,False,False
100000118,1,27,1.0,109099,2,False,True,False
100000119,1,23,1.0,153539,1,False,True,False
100000120,0,36,1.0,180495,1,False,False,False
100000121,1,25,1.0,104653,2,False,True,False
100000122,1,41,2.0,166933,2,False,False,False
100000123,0,24,0.0,66118,0,True,False,True
100000124,0,63,2.0,135754,0,True,True,False
100000125,1,27,1.0,116103,2,False,True,False
100000126,0,30,0.0,104293,1,True,True,False
100000127,0,40,1.0,71702,0,False,False,True
100000128,0,30,0.0,99066,2,True,True,False
100000129,0,34,1.0,143979,2,True,False,False
100000130,1,29,1.0,123818,0,False,True,False
100000131,1,24,1.0,176714,2,False,True,False
100000132,0,29,0.0,149249,2,True,True,False
100000133,0,27,0.0,77535,0,True,False,True
100000134,0,47,1.0,116540,1,True,True,False
100000135,1,21,1.0,194728,0,False,True,False
100000136,1,38,1.0,109311,2,False,True,False
100000137,0,27,0.0,204723,2,True,True,False
100000138,0,66,2.0,126003,0,True,False,True
100000139,0,35,1.0,123109,1,True,True,False
100000140,1,44,2.0,108251,0,False,False,True
100000141,0,27,1.0,89908,0,False,False,True
100000142,1,30,1.0,176057,1,False,False,False
100000143,0,27,0.0,144332,2,True,False,False
100000144,0,22,0.0,101185,1,True,True,False
100000145,1,23,1.0,107406,2,False,True,False
100000146,0,30,0.0,140665,1,True,True,False
100000147,1,39,2.0,106461,0,False,True,False
100000148,1,51,2.0,127825,0,False,True,False
100000149,0,28,0.0,133898,1,True,True,False
100000150,0,46,1.0,152383,2,True,True,False
100000151,0,42,1.0,119926,0,True,True,False
100000152,0,38,1.0,108784,2,True,True,False
100000153,0,24,0.0,153286,1,True,True,False
100000154,1,29,1.0,214204,2,False,True,False
100000155,0,36,1.0,208101,2,True,False,False
100000156,1,20,1.0,95355,1,False,True,False
100000157,0,48,1.0,124156,1,True,True,False
100000158,0,45,2.0,72215,0,False,False,True
100000159,0,38,1.0,146529,2,True,True,False
100000160,0,34,1.0,75343,0,True,False,True
100000161,0,36,1.0,129789,1,True,True,False
100000162,1,30,1.0,101153,1,False,True,False
100000163,0,36,1.0,127833,2,True,True,False
100000164,0,70,2.0,224998,2,True,False,False
100000165,0,36,1.0,124445,2,True,True,False
100000166,0,32,0.0,141116,1,True,True,False
100000167,1,33,1.0,104276,2,False,True,False
100000168,1,20,1.0,147687,2,False,True,False
100000169,1,25,1.0,125168,1,False,True,False
100000170,0,31,1.0,115369,2,False,True,False
100000171,0,33,1.0,95445,0,True,True,False
100000172,1,26,1.0,95159,1,False,True,False
100000173,1,34,1.0,153031,2,False,False,False
100000174,0,33,1.0,108899,0,True,True,False
100000175,0,26,0.0,113515,1,True,True,False
100000176,1,53,2.0,211229,0,False,False,False
100000177,0,42,2.0,121307,0,False,True,False
100000178,0,52,1.0,131727,2,True,True,False
100000179,0,31,0.0,133574,1,True,False,False
100000180,0,65,2.0,117334,0,True,True,False
100000181,0,28,1.0,177291,2,False,True,False
100000182,0,30,1.0,168763,1,False,False,False
100000183,0,40,1.0,77720,0,True,False,True
100000184,0,50,1.0,176645,2,True,True,False
100000185,0,36,1.0,106205,1,True,True,False
100000186,0,31,0.0,97785,1,True,True,False
100000187,1,74,3.0,214364,1,False,False,False
100000188,0,68,2.0,74525,0,True,False,True
100000189,0,20,1.0,98988,0,False,True,False
100000190,1,33,1.0,133561,1,False,True,False
100000191,0,54,1.0,217651,2,True,False,False
100000192,0,34,1.0,116525,0,True,False,True
100000193,0,36,1.0,135302,2,True,True,False
100000194,0,29,1.0,106434,1,False,True,False
100000195,0,21,0.0,128350,2,True,True,False
100000196,1,34,1.0,147626,2,False,False,False
100000197,1,28,1.0,102697,0,False,True,False
100000198,1,27,1.0,120262,0,False,True,False
100000199,0,36,1.0,124214,2,True,True,False
100000200,0,40,1.0,175223,1,False,False,False
100000201,0,52,1.0,137467,0,True,True,False
100000202,0,27,1.0,65815,0,False,False,True
100000203,0,26,0.0,129864,1,True,True,False
100000204,0,21,1.0,88475,1,False,True,False
100000205,0,38,1.0,74666,0,True,False,True
100000206,0,38,1.0,222294,2,True,False,False
100000207,0,43,1.0,112878,0,True,True,False
100000208,0,26,0.0,103411,2,True,True,False
100000209,0,21,1.0,112868,0,False,False,True
100000210,0,55,1.0,157940,2,True,True,False
100000211,0,33,1.0,115835,2,True,True,False
100000212,1,45,2.0,109807,0,False,False,True
100000213,0,50,1.0,150699,1,True,True,False
100000214,0,66,2.0,178967,0,True,False,False
100000215,0,51,1.0,132767,0,True,True,False
100000216,1,39,2.0,86152,0,False,False,True
100000217,0,31,0.0,114528,2,True,True,False
100000218,0,23,0.0,133912,1,True,True,False
100000219,0,24,1.0,81210,0,False,False,True
100000220,1,64,3.0,131242,0,False,True,False
100000221,0,26,1.0,68804,0,False,False,True
100000222,1,23,1.0,96961,1,False,True,False
100000223,0,30,0.0,90719,2,True,True,False
100000224,0,32,0.0,114116,1,True,True,False
100000225,0,30,0.0,128639,1,True,True,False
100000226,0,27,0.0,106623,1,True,True,False
100000227,0,27,0.0,236264,1,True,True,False
100000228,0,53,1.0,207783,1,True,False,False
100000229,0,22,0.0,91739,1,True,True,False
100000230,0,22,0.0,107780,2,True,True,False
100000231,0,26,0.0,139157,2,True,True,False
100000232,0,51,1.0,121751,0,True,False,True
100000233,0,35,1.0,121974,0,True,True,False
100000234,0,25,1.0,70320,0,False,False,True
100000235,0,42,1.0,78327,0,True,False,True
100000236,0,30,0.0,131433,0,True,False,False
100000237,0,23,0.0,167076,2,True,False,True
100000238,0,61,2.0,130788,0,False,False,True
100000239,1,35,1.0,107408,1,False,True,False
100000240,0,39,1.0,115323,1,True,True,False
100000241,1,29,1.0,99012,0,False,True,False
100000242,0,51,1.0,115996,1,True,True,False
100000243,0,24,0.0,123353,1,True,True,False
100000244,1,27,1.0,100008,0,False,True,False
100000245,1,35,1.0,125105,0,False,False,True
100000246,0,25,0.0,92020,2,True,True,False
100000247,0,52,1.0,108365,2,True,True,False
100000248,0,35,1.0,112979,0,True,True,False
100000249,0,26,0.0,117221,1,True,True,False
100000250,1,22,1.0,88800,2,False,True,False
100000251,1,39,2.0,115099,0,False,False,True
100000252,1,46,2.0,113399,0,False,False,True
100000253,1,24,1.0,115879,1,False,True,False
100000254,0,35,1.0,141270,2,True,True,False
100000255,0,24,0.0,107633,1,True,True,False
100000256,0,27,0.0,131751,0,True,False,True
100000257,0,35,1.0,83687,0,True,False,True
100000258,0,29,1.0,106828,2,False,True,False
100000259,1,23,1.0,135537,1,False,True,False
100000260,1,57,2.0,107142,0,False,False,True
100000261,0,27,0.0,97446,1,True,True,False
100000262,1,55,2.0,126357,2,False,True,False
100000263,0,36,1.0,169617,1,True,False,False
100000264,1,57,2.0,108945,0,False,False,True
100000265,0,32,0.0,67345,0,True,False,True
100000266,0,37,1.0,106215,0,True,True,False
100000267,0,36,1.0,149237,0,True,True,False
100000268,1,38,1.0,112124,0,False,True,False
100000269,0,45,2.0,215150,2,False,False,False
100000270,0,25,0.0,89534,1,True,True,False
100000271,0,32,0.0,111082,2,True,True,False
100000272,1,37,1.0,137069,1,False,True,False
100000273,0,36,1.0,244541,2,True,False,False
100000274,0,28,0.0,120712,1,True,True,False
100000275,0,34,1.0,175367,0,False,False,True
100000276,0,32,0.0,111418,1,True,True,False
100000277,1,26,1.0,110913,0,False,True,False
100000278,0,49,2.0,84267,0,False,False,True
100000279,1,32,1.0,136886,2,False,True,False
100000280,0,29,0.0,144884,2,True,False,False
100000281,0,23,0.0,151180,1,True,True,False
100000282,0,50,1.0,114997,1,True,True,False
100000283,0,49,1.0,100961,0,True,False,True
100000284,0,63,2.0,124849,2,True,True,False
100000285,0,37,1.0,152308,2,False,True,False
100000286,1,35,1.0,167945,1,False,False,True
100000287,0,26,0.0,126706,2,True,True,False
100000288,0,31,0.0,210017,2,True,False,False
100000289,1,49,2.0,125665,1,False,True,False
100000290,0,48,2.0,111184,1,False,True,False
100000291,0,26,1.0,94134,0,False,True,False
100000292,0,28,1.0,214620,1,False,False,False
100000293,1,44,2.0,193816,1,False,False,False
100000294,0,56,1.0,168714,1,True,True,False
100000295,0,46,2.0,202997,1,False,False,False
100000296,1,26,1.0,192451,2,False,True,False
100000297,1,20,1.0,127928,2,False,True,False
100000298,0,45,1.0,78253,0,True,False,True
100000299,0,43,1.0,118446,1,True,True,False
100000300,0,32,0.0,161379,2,True,True,False
100000301,1,54,2.0,56622,0,False,False,True
100000302,1,42,2.0,146117,1,False,True,False
100000303,0,37,1.0,90418,0,True,False,True
100000304,0,49,1.0,109053,0,True,True,False
100000305,0,44,1.0,219319,0,True,True,False
100000306,0,33,1.0,144701,1,False,True,False
100000307,1,24,1.0,102425,0,False,False,True
100000308,0,33,1.0,79867,0,False,False,True
100000309,1,24,1.0,107114,2,False,True,False
100000310,0,22,1.0,62263,0,False,False,True
100000311,0,40,1.0,92567,0,True,False,True
100000312,0,25,0.0,146349,0,True,True,False
100000313,1,26,1.0,141825,1,False,True,False
100000314,0,25,1.0,68582,0,False,False,True
100000315,0,29,0.0,85476,0,True,False,True
100000316,0,31,0.0,111091,2,True,True,False
100000317,0,38,1.0,67110,0,True,False,True
100000318,1,48,2.0,126154,0,False,False,True
100000319,0,32,0.0,92257,2,True,True,False
100000320,1,27,1.0,93605,0,False,False,True
100000321,0,28,1.0,165190,0,False,False,False
100000322,0,32,1.0,107195,0,False,True,False
100000323,0,34,1.0,145059,0,True,False,False
100000324,0,28,0.0,148363,0,True,True,False
100000325,1,36,1.0,105681,2,False,True,False
100000326,0,39,1.0,93732,0,True,False,True
100000327,0,49,1.0,154778,2,True,True,False
100000328,1,34,1.0,149356,2,False,True,False
100000329,0,31,0.0,145670,1,True,True,False
100000330,0,28,0.0,101589,2,True,True,False
100000331,0,75,2.0,213333,1,True,False,False
100000332,1,30,1.0,122420,0,False,True,False
100000333,1,24,1.0,209856,1,False,False,False
100000334,1,24,1.0,181003,0,False,False,True
100000335,0,23,0.0,117804,1,True,True,False
100000336,0,44,2.0,160650,1,False,False,False
100000337,1,23,1.0,84611,0,False,False,True
100000338,1,24,1.0,98479,2,False,True,False
100000339,0,28,0.0,122359,2,True,True,False
100000340,0,31,1.0,81394,0,False,False,True
100000341,1,24,1.0,150372,1,False,True,False
100000342,1,26,1.0,92385,0,False,False,True
100000343,0,25,1.0,149851,2,False,True,False
100000344,0,33,1.0,167939,1,True,False,False
100000345,0,37,1.0,115426,0,True,False,True
100000346,1,43,2.0,85402,0,False,False,True
100000347,0,23,0.0,95815,2,True,True,False
100000348,1,23,1.0,97518,0,False,False,True
100000349,0,34,1.0,87355,0,True,False,True
100000350,0,32,0.0,145933,1,True,True,False
100000351,1,23,1.0,97307,0,False,True,False
100000352,1,29,1.0,108434,2,False,True,False
100000353,0,38,1.0,151312,1,True,False,False
100000354,0,28,0.0,141847,1,True,True,False
100000355,0,46,1.0,130675,2,True,True,False
100000356,0,23,0.0,69309,0,True,False,True
100000357,0,49,1.0,121466,2,True,True,False
100000358,0,26,0.0,153586,2,True,False,False
100000359,0,28,1.0,92849,0,False,True,False
100000360,1,23,1.0,108539,2,False,True,False
100000361,0,61,2.0,129556,2,True,True,False
100000362,0,37,1.0,170146,0,True,False,False
100000363,1,36,1.0,135383,1,False,True,False
100000364,0,21,1.0,96769,2,False,True,False
100000365,0,25,0.0,43684,0,True,False,True
100000366,0,36,1.0,103521,0,True,True,False
100000367,0,27,0.0,118499,1,True,True,False
100000368,1,22,1.0,119684,2,False,True,False
100000369,0,42,1.0,126586,1,True,True,False
100000370,1,40,2.0,136812,2,False,True,False
100000371,0,36,1.0,118277,1,True,True,False
100000372,0,33,1.0,144597,1,True,True,False
100000373,1,23,1.0,106043,0,False,True,False
100000374,0,63,2.0,272314,2,True,False,False
100000375,1,60,2.0,309364,2,False,False,False
100000376,1,37,1.0,170386,1,False,True,False
100000377,0,34,1.0,112458,0,False,True,False
100000378,0,36,1.0,96840,1,True,True,False
100000379,0,57,2.0,281923,1,True,False,False
100000380,1,52,2.0,95551,0,False,False,True
100000381,0,39,1.0,112347,2,True,True,False
100000382,1,38,1.0,260977,2,False,False,False
100000383,1,25,1.0,99354,0,False,True,False
100000384,0,26,0.0,111509,2,True,True,False
100000385,0,26,0.0,105252,0,True,False,True
100000386,1,25,1.0,108522,0,False,True,False
100000387,1,21,1.0,94655,1,False,True,False
100000388,0,40,1.0,201699,1,True,False,False
100000389,0,27,0.0,139868,2,True,True,False
100000390,1,27,1.0,102543,1,False,True,False
100000391,0,30,1.0,134467,2,False,False,False
100000392,1,19,1.0,111187,0,False,False,True
100000393,0,39,1.0,152302,1,True,False,False
100000394,1,31,1.0,110610,2,False,True,False
100000395,0,31,0.0,137827,2,True,False,False
100000396,0,32,0.0,220923,2,True,True,False
100000397,1,55,2.0,165717,2,False,False,False
100000398,0,46,2.0,122299,0,False,True,False
100000399,0,46,2.0,120499,0,False,True,False
100000400,1,43,2.0,126449,0,False,False,True
100000401,0,39,1.0,108315,2,False,True,False
100000402,0,28,1.0,112515,1,False,True,False
100000403,0,27,0.0,164559,1,True,True,False
100000404,0,27,0.0,59238,0,True,False,True
100000405,0,43,1.0,131133,0,True,True,False
100000406,0,22,1.0,109188,0,False,True,False
100000407,0,43,1.0,115393,1,True,True,False
100000408,0,27,1.0,94711,2,False,True,False
100000409,0,26,1.0,171860,0,False,False,False
100000410,0,28,1.0,139414,2,False,True,False
100000411,1,20,1.0,110931,1,False,True,False
100000412,0,35,1.0,187549,2,True,False,False
100000413,0,42,1.0,145508,0,True,False,False
100000414,0,40,1.0,104240,0,True,False,True
100000415,1,35,1.0,108272,1,False,True,False
100000416,0,35,1.0,144004,2,True,True,False
100000417,0,33,1.0,81083,0,True,False,True
100000418,1,23,1.0,166763,1,False,True,False
100000419,1,31,1.0,175530,1,False,False,False
100000420,1,33,1.0,112422,1,False,True,False
100000421,1,20,1.0,154134,2,False,True,False
100000422,0,30,0.0,112401,1,True,True,False
100000423,0,47,1.0,85690,0,True,False,True
100000424,0,34,1.0,145896,2,True,False,False
100000425,1,25,1.0,122552,2,False,True,False
100000426,0,21,1.0,115494,2,False,True,False
100000427,0,29,0.0,109467,0,True,True,False
100000428,0,46,1.0,148226,2,True,True,False
100000429,0,20,0.0,88559,1,True,True,False
100000430,1,55,2.0,62393,0,False,False,True
100000431,0,74,2.0,122133,0,True,False,True
100000432,0,29,0.0,230883,2,True,False,False
100000433,0,36,1.0,136689,2,True,False,False
100000434,0,33,1.0,109145,0,False,True,False
100000435,0,25,0.0,100449,2,True,True,False
100000436,0,25,1.0,106253,0,False,True,False
100000437,0,23,1.0,84747,0,False,False,True
100000438,1,37,1.0,149465,1,False,True,False
100000439,0,65,2.0,84435,0,True,False,True
100000440,1,26,1.0,51681,0,False,False,True
100000441,0,39,1.0,139198,1,True,False,False
100000442,1,30,1.0,106577,1,False,True,False
100000443,0,29,0.0,117372,2,True,True,False
100000444,0,41,1.0,69609,0,True,False,True
100000445,1,30,1.0,178947,2,False,False,False
100000446,1,41,2.0,81743,0,False,False,True
100000447,1,34,1.0,111900,1,False,True,False
100000448,0,35,1.0,121650,0,True,True,False
100000449,1,55,2.0,172639,2,False,False,False
100000450,0,61,2.0,175740,1,False,True,False
100000451,0,30,0.0,220050,2,True,False,False
100000452,1,29,1.0,95200,1,False,True,False
100000453,0,34,1.0,113609,1,True,True,False
100000454,0,35,1.0,143552,2,True,False,False
100000455,0,31,0.0,130973,2,True,True,False
100000456,1,29,1.0,145946,2,False,False,False
100000457,0,36,1.0,126206,1,True,True,False
100000458,0,35,1.0,120426,0,True,True,False
100000459,1,27,1.0,91925,2,False,True,False
100000460,0,32,0.0,129630,2,True,True,False
100000461,0,37,1.0,124268,2,True,True,False
100000462,0,36,1.0,105240,1,True,True,False
100000463,1,34,1.0,162180,0,False,False,False
100000464,0,38,1.0,106552,2,True,True,False
100000465,0,34,1.0,105843,2,True,True,False
100000466,0,63,2.0,138327,1,True,True,False
100000467,1,29,1.0,76154,0,False,False,True
100000468,0,32,0.0,155012,1,True,True,False
100000469,1,26,1.0,114369,1,False,True,False
100000470,0,35,1.0,102839,0,True,False,True
100000471,0,22,1.0,132796,0,False,True,False
100000472,1,23,1.0,89742,2,False,True,False
100000473,0,28,0.0,58615,0,True,False,True
100000474,0,36,1.0,130603,2,True,False,False
100000475,0,33,1.0,110340,0,False,True,False
100000476,1,26,1.0,117729,2,False,True,False
100000477,0,24,0.0,130808,0,True,True,False
100000478,0,25,0.0,147402,2,True,True,False
100000479,0,39,1.0,93567,0,True,False,True
100000480,0,44,1.0,109289,1,True,True,False
100000481,1,23,1.0,98742,0,False,False,True
100000482,0,26,0.0,101270,0,True,True,False
100000483,1,57,2.0,187835,1,False,True,False
100000484,1,30,1.0,140741,0,False,True,False
100000485,0,44,1.0,133265,2,True,True,False
100000486,0,47,1.0,148100,2,True,False,False
100000487,0,52,1.0,131021,2,True,True,False
100000488,1,62,2.0,152620,2,False,True,False
100000489,0,35,1.0,85033,0,True,False,True
100000490,0,26,0.0,114514,1,True,True,False
100000491,0,26,0.0,99307,1,True,True,False
100000492,1,42,2.0,219451,2,False,False,False
100000493,1,27,1.0,114007,0,False,True,False
100000494,0,38,1.0,102846,0,True,True,False
100000495,0,39,1.0,81483,0,True,False,True
100000496,0,20,1.0,107779,2,False,True,False
100000497,0,29,0.0,222360,2,True,False,False
100000498,0,40,1.0,107125,0,True,True,False
100000499,0,32,1.0,80080,0,False,False,True
100000500,0,28,1.0,129600,0,False,True,False
100000501,1,27,1.0,118613,1,False,True,False
100000502,0,42,1.0,146237,1,True,True,False
100000503,0,49,2.0,144461,2,False,True,False
100000504,0,38,1.0,124487,0,True,True,False
100000505,1,24,1.0,97826,0,False,True,False
100000506,0,27,0.0,64105,0,True,False,True
100000507,0,36,1.0,156374,2,True,True,False
100000508,0,34,1.0,205383,2,True,False,False
100000509,0,28,1.0,98964,2,False,True,False
100000510,0,45,1.0,221842,2,True,False,False
100000511,0,26,0.0,88027,2,True,True,False
100000512,0,32,0.0,160513,2,True,False,False
100000513,0,26,0.0,124536,2,True,True,False
100000514,0,20,1.0,93634,0,False,True,False
100000515,0,54,1.0,124725,0,True,True,False
100000516,1,37,1.0,102456,0,False,True,False
100000517,0,40,1.0,74975,0,True,False,True
100000518,1,23,1.0,153861,1,False,True,False
100000519,0,43,1.0,119351,2,True,True,False
100000520,0,36,1.0,95438,2,True,True,False
100000521,0,44,1.0,147967,2,True,True,False
100000522,1,24,1.0,116863,1,False,True,False
100000523,0,53,1.0,170622,1,True,True,False
100000524,1,23,1.0,132426,1,False,True,False
100000525,1,26,1.0,77519,0,False,False,True
100000526,0,30,0.0,169405,2,True,True,False
100000527,1,31,1.0,120030,0,False,True,False
100000528,0,42,1.0,77933,0,True,False,True
100000529,0,31,1.0,109892,1,False,True,False
100000530,0,41,1.0,69062,0,True,False,True
100000531,0,32,0.0,116348,0,True,True,False
100000532,1,28,1.0,137188,1,False,True,False
100000533,0,41,1.0,110199,0,False,True,False
100000534,0,26,1.0,109890,1,False,True,False
100000535,0,25,0.0,109751,2,True,True,False
100000536,0,33,1.0,129651,1,False,True,False
100000537,1,75,3.0,170113,1,False,False,False
100000538,1,37,1.0,140285,1,False,True,False
100000539,0,42,1.0,198029,2,True,False,False
100000540,1,45,2.0,120262,0,False,False,True
100000541,0,23,1.0,105137,1,False,True,False
100000542,0,60,2.0,127371,0,True,True,False
100000543,0,31,0.0,145689,0,True,True,False
100000544,0,34,1.0,102617,1,True,False,True
100000545,0,61,2.0,90709,0,True,False,True
100000546,0,43,1.0,107099,1,True,True,False
100000547,1,37,1.0,116021,2,False,True,False
100000548,0,32,0.0,100426,2,True,True,False
100000549,1,24,1.0,62249,0,False,False,True
100000550,0,35,1.0,172957,1,True,True,False
100000551,1,23,1.0,95003,1,False,True,False
100000552,0,45,1.0,109698,0,True,False,True
100000553,0,34,1.0,157376,0,False,True,False
100000554,0,27,0.0,123191,2,True,True,False
100000555,1,67,3.0,171052,0,False,False,False
100000556,0,22,0.0,99328,0,True,True,False
100000557,1,28,1.0,133799,2,False,True,False
100000558,1,29,1.0,138256,2,False,True,False
100000559,0,27,0.0,115638,0,True,True,False
100000560,0,31,0.0,82238,0,True,False,True
100000561,0,49,1.0,127543,1,True,True,False
100000562,0,24,0.0,63987,0,True,False,True
100000563,1,29,1.0,114784,0,False,True,False
100000564,0,37,1.0,217450,1,True,True,False
100000565,0,37,1.0,173751,2,True,False,False
100000566,1,23,1.0,122850,0,False,True,False
100000567,0,36,1.0,104953,0,False,True,False
100000568,0,34,1.0,152371,1,True,True,False
100000569,0,41,1.0,139905,0,True,True,False
100000570,1,31,1.0,156700,1,False,True,False
100000571,1,23,1.0,86488,0,False,False,True
100000572,0,38,1.0,147472,0,True,True,False
100000573,1,26,1.0,169991,0,False,False,False
100000574,1,22,1.0,62381,0,False,False,True
100000575,0,27,0.0,70926,0,True,False,True
100000576,1,24,1.0,113004,1,False,True,False
100000577,1,27,1.0,125760,0,False,True,False
100000578,1,33,1.0,111918,2,False,True,False
100000579,0,27,1.0,120674,1,False,True,False
100000580,0,27,1.0,63597,0,False,False,True
100000581,0,30,0.0,103069,1,True,True,False
100000582,0,49,1.0,108079,0,True,False,True
100000583,1,26,1.0,101159,1,False,True,False
100000584,0,33,1.0,88211,0,True,False,True
100000585,1,52,2.0,159052,1,False,False,False
100000586,1,20,1.0,102623,2,False,True,False
100000587,0,36,1.0,115589,0,True,True,False
100000588,0,21,0.0,59127,0,True,False,True
100000589,0,47,2.0,82240,0,False,False,True
100000590,0,60,2.0,129425,1,True,True,False
100000591,1,58,2.0,87058,0,False,False,True
100000592,1,42,2.0,128462,2,False,True,False
100000593,1,36,1.0,121403,0,False,False,True
100000594,1,20,1.0,88141,0,False,False,True
100000595,0,40,1.0,134946,2,True,False,False
100000596,1,32,1.0,94058,0,False,False,True
100000597,1,23,1.0,99285,1,False,True,False
100000598,0,36,1.0,108432,0,True,False,True
100000599,0,31,0.0,111369,0,True,True,False
100000600,0,32,0.0,122612,2,True,True,False
100000601,1,45,2.0,134350,0,False,True,False
100000602,1,30,1.0,108838,2,False,True,False
100000603,1,34,1.0,90852,0,False,False,True
100000604,1,28,1.0,151580,2,False,False,False
100000605,1,23,1.0,115681,1,False,True,False
100000606,0,22,0.0,131699,1,True,True,False
100000607,0,74,2.0,192481,1,True,False,False
100000608,1,50,2.0,155122,2,False,True,False
100000609,0,33,1.0,106015,2,True,True,False
100000610,0,45,1.0,108378,0,True,True,False
100000611,1,22,1.0,105257,1,False,True,False
100000612,1,48,2.0,118788,0,False,False,True
100000613,1,29,1.0,162955,2,False,True,False
100000614,1,22,1.0,119511,2,False,True,False
100000615,1,22,1.0,102000,0,False,True,False
100000616,0,48,1.0,254449,1,True,False,False
100000617,0,27,0.0,208446,2,True,False,False
100000618,0,37,1.0,124805,0,True,True,False
100000619,1,21,1.0,139379,0,False,True,False
100000620,0,49,2.0,78296,0,False,False,True
100000621,0,27,0.0,125598,1,True,True,False
100000622,0,32,0.0,100215,2,True,True,False
100000623,0,38,1.0,130951,2,False,True,False
100000624,1,22,1.0,102480,2,False,True,False
100000625,0,65,2.0,136812,1,True,True,False
100000626,0,35,1.0,106919,1,True,True,False
100000627,0,41,1.0,131020,2,True,True,False
100000628,0,29,0.0,119429,1,True,True,False
100000629,0,36,1.0,154521,1,True,True,False
100000630,0,64,2.0,117842,0,True,False,True
100000631,1,28,1.0,124566,2,False,True,False
100000632,0,44,1.0,110009,2,True,True,False
100000633,0,23,0.0,101210,1,True,True,False
100000634,1,19,1.0,101258,0,False,True,False
100000635,1,25,1.0,79045,0,False,False,True
100000636,0,47,1.0,110866,0,True,True,False
100000637,1,28,1.0,129640,2,False,True,False
100000638,0,21,0.0,227021,1,True,True,False
100000639,1,34,1.0,108549,1,False,True,False
100000640,0,26,0.0,122693,0,True,True,False
100000641,1,27,1.0,35832,0,False,False,True
100000642,0,38,1.0,81870,0,True,False,True
100000643,0,40,1.0,179790,2,True,False,False
100000644,0,33,1.0,107158,1,False,True,False
100000645,0,32,1.0,136638,1,False,False,False
100000646,0,27,0.0,158147,2,True,True,False
100000647,0,32,1.0,132587,2,False,True,False
100000648,1,26,1.0,128140,2,False,True,False
100000649,0,38,1.0,117405,1,True,True,False
100000650,0,40,1.0,68475,0,True,False,True
100000651,0,50,1.0,201656,2,True,False,False
100000652,0,37,1.0,86967,0,True,False,True
100000653,0,45,1.0,118006,1,True,True,False
100000654,0,42,1.0,223630,2,True,False,False
100000655,0,35,1.0,110442,0,True,True,False
100000656,0,22,0.0,115691,2,True,True,False
100000657,0,41,1.0,80232,0,True,False,True
100000658,0,37,1.0,187647,1,True,True,False
100000659,1,28,1.0,138952,1,False,True,False
100000660,0,41,1.0,162772,2,True,True,False
100000661,0,23,1.0,111862,1,False,True,False
100000662,0,23,1.0,90051,1,False,True,False
100000663,0,50,1.0,121400,1,True,True,False
100000664,0,35,1.0,137000,2,True,False,False
100000665,1,50,2.0,105031,0,False,False,True
100000666,0,27,0.0,172153,2,True,False,False
100000667,0,34,1.0,170184,1,True,True,False
100000668,1,27,1.0,123279,1,False,True,False
100000669,0,43,1.0,140795,0,True,True,False
100000670,0,47,1.0,144456,0,True,True,False
100000671,0,27,0.0,104773,0,True,False,True
100000672,0,31,0.0,153353,1,True,True,False
100000673,0,42,1.0,223018,1,True,False,False
100000674,0,24,1.0,129177,2,False,True,False
100000675,0,41,1.0,114475,1,True,False,True
100000676,1,26,1.0,161323,1,False,False,False
100000677,0,33,1.0,135765,2,True,True,False
100000678,0,24,1.0,158421,0,False,True,False
100000679,0,64,2.0,103941,0,True,False,True
100000680,1,26,1.0,101783,2,False,True,False
100000681,1,56,2.0,126531,1,False,True,False
100000682,0,37,1.0,111394,1,True,True,False
100000683,0,33,1.0,103577,2,False,True,False
100000684,0,47,2.0,149545,1,False,True,False
100000685,0,31,0.0,171857,0,True,False,True
100000686,0,34,1.0,149782,1,True,True,False
100000687,0,27,0.0,112470,1,True,True,False
100000688,0,30,0.0,133907,2,True,True,False
100000689,0,35,1.0,127849,1,True,True,False
100000690,0,31,0.0,160279,2,True,True,False
100000691,0,25,1.0,92366,2,False,True,False
100000692,1,25,1.0,104794,0,False,False,True
100000693,0,29,0.0,133436,1,True,True,False
100000694,0,44,1.0,110374,0,True,False,True
100000695,0,28,0.0,104263,1,True,True,False
100000696,0,50,1.0,138752,0,True,True,False
100000697,0,29,0.0,102723,0,True,True,False
100000698,1,38,1.0,46297,0,False,False,True
100000699,0,24,0.0,96425,1,True,True,False
100000700,0,40,1.0,158197,1,True,False,False
100000701,1,29,1.0,98008,0,False,False,True
100000702,0,46,1.0,157473,0,True,True,False
100000703,1,47,2.0,149306,0,False,True,False
100000704,0,41,1.0,139236,1,True,True,False
100000705,1,32,1.0,125890,2,False,True,False
100000706,1,35,1.0,173124,1,False,True,False
100000707,0,24,0.0,164621,1,True,True,False
100000708,1,25,1.0,124539,1,False,True,False
100000709,1,25,1.0,107614,1,False,True,False
100000710,0,37,1.0,88849,0,True,False,True
100000711,0,32,0.0,148566,2,True,False,False
100000712,1,35,1.0,106515,2,False,True,False
100000713,0,46,1.0,150465,1,True,False,False
100000714,0,25,0.0,60868,0,True,False,True
100000715,0,27,0.0,255198,2,True,False,False
100000716,0,63,2.0,183178,1,True,True,False
100000717,0,40,1.0,121448,2,True,True,False
100000718,0,32,0.0,129975,2,True,False,False
100000719,0,31,0.0,132950,2,True,True,False
100000720,0,31,1.0,169314,1,False,True,False
100000721,0,34,1.0,147958,1,True,False,False
100000722,1,24,1.0,139896,2,False,True,False
100000723,1,24,1.0,68028,0,False,False,True
100000724,1,66,3.0,133328,0,False,False,True
100000725,1,21,1.0,108518,2,False,True,False
100000726,1,41,2.0,112700,0,False,False,True
100000727,0,47,2.0,110190,0,False,False,True
100000728,1,25,1.0,105104,1,False,True,False
100000729,1,59,2.0,184753,1,False,True,False
100000730,0,36,1.0,162521,2,False,True,False
100000731,0,33,1.0,156794,1,True,True,False
100000732,0,21,0.0,65827,0,True,False,True
100000733,1,44,2.0,88490,0,False,False,True
100000734,1,28,1.0,154919,2,False,True,False
100000735,1,37,1.0,129058,0,False,True,False
100000736,1,29,1.0,77532,0,False,False,True
100000737,1,23,1.0,235417,2,False,False,False
100000738,0,35,1.0,113468,0,True,False,True
100000739,0,45,1.0,190803,2,True,False,False
100000740,1,26,1.0,121423,0,False,False,True
100000741,0,32,0.0,121347,1,True,True,False
100000742,0,23,0.0,67408,0,True,False,True
100000743,0,41,1.0,123043,1,True,True,False
100000744,0,22,0.0,128387,2,True,True,False
100000745,0,30,0.0,250050,1,True,False,False
100000746,0,28,0.0,69588,0,True,False,True
100000747,1,23,1.0,109547,1,False,True,False
100000748,1,37,1.0,78840,0,False,False,True
100000749,0,26,0.0,131122,0,True,True,False
100000750,0,33,1.0,115403,1,True,True,False
100000751,1,49,2.0,110291,2,False,True,False
100000752,1,23,1.0,64811,0,False,False,True
100000753,1,23,1.0,86015,0,False,False,True
100000754,1,25,1.0,142438,2,False,True,False
100000755,0,55,1.0,159303,1,True,True,False
100000756,1,32,1.0,104957,1,False,True,False
100000757,0,74,2.0,89502,0,True,False,True
100000758,0,39,1.0,121313,1,True,True,False
100000759,0,31,0.0,98102,0,True,True,False
100000760,0,35,1.0,94554,1,True,True,False
100000761,1,59,2.0,162591,1,False,True,False
100000762,1,24,1.0,106629,2,False,True,False
100000763,0,24,0.0,70400,0,True,False,True
100000764,0,30,0.0,235660,2,True,False,False
100000765,0,27,1.0,121747,2,False,True,False
100000766,0,40,1.0,85060,0,False,False,True
100000767,0,31,1.0,87630,0,False,False,True
100000768,1,31,1.0,119673,0,False,True,False
100000769,0,28,0.0,126060,2,True,True,False
100000770,0,63,2.0,96145,0,True,False,True
100000771,1,26,1.0,114830,0,False,True,False
100000772,1,25,1.0,194461,2,False,False,False
100000773,0,36,1.0,150158,2,True,False,False
100000774,0,52,1.0,136323,2,True,True,False
100000775,0,66,2.0,111858,0,True,False,True
100000776,1,25,1.0,100198,0,False,True,False
100000777,0,37,1.0,123452,2,True,True,False
100000778,1,25,1.0,120723,1,False,True,False
100000779,0,38,1.0,215639,1,True,False,False
100000780,1,67,3.0,166712,1,False,True,False
100000781,0,25,0.0,136300,1,True,True,False
100000782,0,60,2.0,166988,2,True,True,False
100000783,0,31,0.0,77265,0,True,False,True
100000784,1,23,1.0,85967,0,False,False,True
100000785,0,60,2.0,212020,0,False,False,False
100000786,0,35,1.0,126054,0,True,False,True
100000787,0,40,1.0,144589,0,True,True,False
100000788,0,38,1.0,116723,1,True,True,False
100000789,0,50,1.0,168637,1,True,True,False
100000790,0,27,0.0,139119,1,True,True,False
100000791,1,39,2.0,118610,2,False,True,False
100000792,0,41,1.0,183312,2,True,False,False
100000793,0,27,1.0,96323,0,False,True,False
100000794,0,51,2.0,149510,2,False,True,False
100000795,0,32,0.0,141922,2,True,True,False
100000796,1,22,1.0,120233,0,False,True,False
100000797,0,51,1.0,172790,1,True,True,False
100000798,1,22,1.0,66720,0,False,False,True
100000799,0,54,2.0,113024,1,False,True,False
100000800,0,35,1.0,51791,0,True,False,True
100000801,0,54,1.0,118408,2,True,True,False
100000802,1,48,2.0,101616,0,False,False,True
100000803,1,24,1.0,127250,0,False,True,False
100000804,0,35,1.0,97290,0,True,True,False
100000805,1,24,1.0,106970,0,False,False,True
100000806,0,24,0.0,168147,2,True,True,False
100000807,0,26,1.0,68468,0,False,False,True
100000808,0,65,2.0,120780,2,True,True,False
100000809,0,55,1.0,231992,2,True,False,False
100000810,1,26,1.0,53903,0,False,False,True
100000811,0,26,1.0,101511,2,False,True,False
100000812,0,28,1.0,69046,0,False,False,True
100000813,0,24,0.0,171584,1,True,True,False
100000814,0,54,1.0,132367,2,True,True,False
100000815,0,46,1.0,134433,2,True,True,False
100000816,1,54,2.0,190518,0,False,True,False
100000817,0,62,2.0,152367,1,False,True,False
100000818,1,24,1.0,101157,1,False,True,False
100000819,0,43,2.0,279593,2,False,False,False
100000820,0,26,1.0,96716,2,False,True,False
100000821,0,27,1.0,95171,0,False,True,False
100000822,0,24,1.0,129162,2,False,True,False
100000823,0,41,1.0,118742,0,True,True,False
100000824,0,47,1.0,74511,0,True,False,True
100000825,0,35,1.0,157272,1,False,False,False
100000826,0,30,1.0,102374,0,False,True,False
100000827,1,33,1.0,131492,0,False,True,False
100000828,0,36,1.0,128702,2,True,True,False
100000829,0,47,1.0,177509,2,True,True,False
100000830,0,38,1.0,163451,1,True,True,False
100000831,0,44,1.0,144900,1,True,True,False
100000832,1,23,1.0,97115,2,False,True,False
100000833,0,29,0.0,196568,2,True,True,False
100000834,1,42,2.0,158405,0,False,True,False
100000835,1,25,1.0,97376,0,False,False,True
100000836,0,48,1.0,108678,1,True,True,False
100000837,1,21,1.0,92351,0,False,True,False
100000838,1,23,1.0,61211,0,False,False,True
100000839,0,63,2.0,138644,0,True,True,False
100000840,0,46,2.0,124824,2,False,True,False
100000841,0,29,0.0,132852,0,True,True,False
100000842,0,28,0.0,81069,0,True,False,True
100000843,1,23,1.0,104094,2,False,True,False
100000844,0,50,1.0,114853,0,True,True,False
100000845,0,47,1.0,130344,2,True,True,False
100000846,0,35,1.0,135090,0,True,True,False
100000847,0,68,2.0,179151,2,True,True,False
100000848,0,28,1.0,97390,1,False,True,False
100000849,0,59,2.0,120160,0,True,True,False
100000850,0,57,2.0,82277,0,True,False,True
100000851,0,33,1.0,110844,2,False,True,False
100000852,0,43,1.0,133105,0,True,True,False
100000853,0,35,1.0,102042,0,True,True,False
100000854,0,32,0.0,69370,0,True,False,True
100000855,0,45,1.0,200298,1,True,True,False
100000856,0,33,1.0,117039,2,False,True,False
100000857,1,40,2.0,107585,2,False,True,False
100000858,0,28,0.0,114429,0,True,True,False
100000859,1,29,1.0,128234,2,False,True,False
100000860,0,26,0.0,128580,2,True,True,False
100000861,0,27,0.0,177757,1,True,True,False
100000862,0,28,1.0,106222,0,False,True,False
100000863,1,35,1.0,118428,2,False,True,False
100000864,0,32,0.0,139477,0,True,False,True
100000865,0,25,0.0,71159,0,True,False,True
100000866,1,20,1.0,131370,2,False,True,False
100000867,1,27,1.0,111567,2,False,True,False
100000868,0,42,1.0,125482,2,True,True,False
100000869,0,37,1.0,160642,2,True,True,False
100000870,1,24,1.0,92498,0,False,True,False
100000871,1,40,2.0,199711,2,False,True,False
100000872,0,46,1.0,127588,2,True,True,False
100000873,0,26,0.0,107508,2,True,True,False
100000874,1,24,1.0,94629,2,False,True,False
100000875,0,29,0.0,87598,2,True,False,True
100000876,1,40,2.0,161194,1,False,True,False
100000877,0,36,1.0,137342,2,True,False,False
100000878,0,28,0.0,116848,1,True,True,False
100000879,0,27,0.0,125190,1,True,False,False
100000880,0,36,1.0,153441,0,True,True,False
100000881,0,38,1.0,195328,2,True,False,False
100000882,0,48,2.0,190413,0,False,True,False
100000883,0,36,1.0,118656,1,True,True,False
100000884,1,65,3.0,69487,0,False,False,True
100000885,0,43,2.0,145313,1,False,True,False
100000886,1,53,2.0,117005,1,False,True,False
100000887,0,34,1.0,123243,1,True,True,False
100000888,0,23,0.0,237799,1,True,True,False
100000889,0,34,1.0,180617,2,True,False,False
100000890,0,40,1.0,167019,0,True,True,False
100000891,0,43,1.0,147745,2,True,False,False
100000892,0,46,1.0,114254,1,True,True,False
100000893,0,38,1.0,81155,0,True,False,True
100000894,0,34,1.0,151803,2,True,True,False
100000895,0,29,0.0,94356,2,True,True,False
100000896,0,31,0.0,200621,2,True,False,False
100000897,1,28,1.0,144448,1,False,False,False
100000898,1,35,1.0,150797,0,False,True,False
100000899,1,33,1.0,84404,0,False,False,True
100000900,0,42,1.0,133373,2,True,True,False
100000901,0,43,1.0,119502,2,True,True,False
100000902,0,44,2.0,131619,0,False,True,False
100000903,0,42,1.0,194084,2,True,True,False
100000904,0,40,1.0,108278,1,False,True,False
100000905,0,36,1.0,130987,1,True,False,False
100000906,0,20,0.0,116582,2,True,False,False
100000907,0,24,0.0,85270,0,True,False,True
100000908,0,27,1.0,129227,0,False,True,False
100000909,1,46,2.0,108291,0,False,False,True
100000910,1,33,1.0,103091,0,False,False,True
100000911,1,34,1.0,136975,1,False,True,False
100000912,1,25,1.0,111502,0,False,False,True
100000913,1,25,1.0,124750,1,False,True,False
100000914,0,28,1.0,146463,2,False,True,False
100000915,0,31,0.0,115075,0,True,True,False
100000916,1,32,1.0,308491,1,False,False,False
100000917,0,32,0.0,126368,0,True,True,False
100000918,0,68,2.0,287247,2,True,False,False
100000919,0,33,1.0,125535,2,False,True,False
100000920,0,39,1.0,153223,2,True,False,False
100000921,1,28,1.0,106873,1,False,True,False
100000922,0,37,1.0,268906,1,True,False,False
100000923,1,22,1.0,97757,2,False,True,False
100000924,0,30,0.0,112151,1,True,True,False
100000925,0,55,2.0,172909,0,False,True,False
100000926,0,46,1.0,103387,1,True,True,False
100000927,1,21,1.0,93916,2,False,True,False
100000928,0,39,1.0,189963,2,True,True,False
100000929,0,58,2.0,124191,0,True,True,False
100000930,0,43,1.0,77205,0,True,False,True
100000931,0,24,0.0,65917,0,True,False,True
100000932,1,22,1.0,109676,0,False,True,False
100000933,0,30,0.0,95682,2,True,True,False
100000934,0,42,1.0,125516,2,True,True,False
100000935,1,23,1.0,99822,0,False,True,False
100000936,0,30,0.0,154854,1,True,False,False
100000937,1,28,1.0,84582,0,False,False,True
100000938,0,30,1.0,145800,0,False,False,False
100000939,0,42,1.0,162869,1,True,True,False
100000940,0,46,1.0,192379,2,True,False,False
100000941,0,45,1.0,159757,2,True,False,False
100000942,0,31,0.0,69571,0,True,False,True
100000943,0,31,0.0,93648,2,True,True,False
100000944,0,42,1.0,77472,0,True,False,True
100000945,1,46,2.0,121501,0,False,True,False
100000946,1,30,1.0,207262,0,False,True,False
100000947,0,30,0.0,143082,2,True,True,False
100000948,0,38,1.0,147760,1,True,False,False
100000949,0,43,2.0,82082,0,False,False,True
100000950,0,31,0.0,132991,1,True,True,False
100000951,0,40,1.0,78436,0,False,False,True
100000952,0,24,0.0,99737,2,True,True,False
100000953,1,28,1.0,164915,0,False,True,False
100000954,1,26,1.0,223185,1,False,False,False
100000955,1,29,1.0,108400,2,False,True,False
100000956,1,57,2.0,194882,1,False,False,False
100000957,0,49,1.0,122186,0,True,False,True
100000958,0,37,1.0,79594,0,True,False,True
100000959,0,45,1.0,104355,0,True,False,True
100000960,0,30,0.0,135894,2,True,True,False
100000961,0,30,1.0,103699,1,False,True,False
100000962,0,47,2.0,132145,1,False,True,False
100000963,0,29,0.0,117272,2,True,True,False
100000964,0,35,1.0,137932,0,True,True,False
100000965,0,22,1.0,63972,0,False,False,True
100000966,1,26,1.0,113299,2,False,True,False
100000967,0,23,0.0,108540,0,True,False,True
100000968,1,54,2.0,174424,2,False,False,False
100000969,0,29,1.0,154991,2,False,True,False
100000970,0,40,1.0,99723,0,True,False,True
100000971,0,22,0.0,114584,2,True,True,False
100000972,0,43,1.0,135275,0,True,False,True
100000973,1,29,1.0,41680,0,False,False,True
100000974,0,36,1.0,158769,1,True,True,False
100000975,1,33,1.0,120596,0,False,True,False
100000976,1,57,2.0,139641,0,False,False,True
100000977,1,64,3.0,134377,0,False,True,False
100000978,0,42,1.0,125804,2,True,True,False
100000979,0,47,1.0,91858,0,True,False,True
100000980,0,25,1.0,117641,2,False,True,False
100000981,0,49,1.0,188594,1,True,True,False
100000982,0,33,1.0,162827,2,True,False,False
100000983,1,28,1.0,178991,2,False,False,False
100000984,0,26,0.0,159739,1,True,True,False
100000985,0,30,0.0,73401,0,True,False,True
100000986,1,25,1.0,100794,2,False,True,False
100000987,0,33,1.0,167763,1,False,True,False
100000988,1,64,3.0,145174,0,False,True,False
100000989,0,29,0.0,176292,1,True,False,False
100000990,0,48,1.0,94024,0,True,False,True
100000991,0,37,1.0,93740,0,True,False,True
100000992,0,34,1.0,85685,0,True,False,True
100000993,0,23,1.0,69997,0,False,False,True
100000994,0,30,0.0,151938,2,True,False,False
100000995,0,50,1.0,122830,1,True,True,False
100000996,1,31,1.0,78489,0,False,False,True
100000997,0,40,1.0,161999,1,False,False,False
100000998,0,38,1.0,98032,2,True,True,False
100000999,0,23,0.0,96060,0,True,True,False
100001000,0,27,0.0,147968,1,True,True,False
100001001,1,63,2.0,134853,1,False,True,False
100001002,0,66,2.0,157576,2,True,False,False
100001003,0,43,2.0,203738,1,False,False,False
100001004,0,44,2.0,280570,2,False,False,False
100001005,0,65,3.0,69487,2,False,False,True
100001006,1,73,3.0,214126,1,False,False,False
100001007,0,60,2.0,136671,1,True,True,False
100001008,0,62,2.0,174337,1,False,True,False
100001009,1,58,2.0,126710,1,False,True,False
100001010,1,43,2.0,167139,2,False,False,False
100001011,0,64,2.0,122094,2,True,True,False
100001012,0,37,3.0,170113,2,False,False,False
100001013,1,46,2.0,192698,1,False,False,False
100001014,0,57,2.0,144197,2,False,True,False
100001015,0,51,2.0,133623,1,False,True,False
100001016,1,32,3.0,171052,2,False,False,False
100001017,0,64,2.0,130492,2,True,True,False
100001018,0,68,2.0,135705,1,True,True,False
100001019,1,55,2.0,171804,2,False,False,False
100001020,0,73,2.0,192167,1,True,False,False
100001021,1,34,3.0,134377,2,False,True,False
100001022,0,44,2.0,146716,1,False,True,False
100001023,0,58,2.0,267872,1,True,True,False
100001024,1,65,2.0,142193,1,False,False,True
100001025,1,56,2.0,183765,1,False,True,False
100001026,1,42,2.0,218664,2,False,False,False
100001027,1,65,3.0,145174,2,False,True,False
100001028,0,72,2.0,224961,2,True,False,False
100001029,1,45,2.0,262634,2,False,False,False
100001030,0,68,2.0,287106,2,True,False,False
100001031,0,60,2.0,166298,1,True,False,False
100001032,1,30,3.0,133328,2,False,False,True
100001033,0,63,2.0,129798,1,True,True,False
100001034,0,57,2.0,281084,1,True,False,False
100001035,1,46,2.0,160678,2,False,True,False
100001036,1,70,3.0,167532,1,False,True,False
100001037,0,65,2.0,178591,2,True,True,False
100001038,0,63,2.0,273063,2,True,False,False
100001039,0,54,2.0,149410,2,False,True,False
100001040,0,49,2.0,124658,2,False,True,False
100001041,1,64,2.0,153645,2,False,True,False
100001042,1,61,2.0,308529,2,False,False,False
100001043,1,57,2.0,155062,2,False,True,False
100001044,1,42,2.0,199654,2,False,True,False
100001045,0,62,2.0,124723,2,True,True,False
100001046,1,41,2.0,127752,2,False,True,False
100001047,1,51,2.0,157595,1,False,False,False
100001048,1,38,2.0,135534,2,False,True,False
100001049,1,56,2.0,166264,2,False,False,False
100001050,1,43,2.0,147259,1,False,True,False
100001051,1,48,2.0,161116,1,False,True,False
100001052,0,61,2.0,139380,1,True,True,False
100001053,0,48,2.0,213768,2,False,False,False
100001054,0,68,2.0,125903,2,True,True,False
100001055,1,62,2.0,163940,1,False,True,False
100001056,1,56,2.0,173378,2,False,False,False
100001057,1,53,2.0,126847,1,False,True,False
100001058,0,33,3.0,166712,2,False,True,False
100001059,1,60,2.0,189166,1,False,True,False
100001060,1,47,2.0,161714,1,False,True,False
100001061,0,25,3.0,214364,2,False,False,False
100001062,0,64,2.0,184680,1,True,True,False
100001063,0,73,2.0,214732,1,True,False,False
100001064,0,66,2.0,152527,1,False,True,False
100001065,1,76,3.0,170366,1,False,False,False
100001066,1,60,2.0,194532,1,False,False,False
100001067,1,57,2.0,125883,2,False,True,False
100001068,0,30,3.0,131242,2,False,True,False
100001069,0,43,2.0,159880,1,False,False,False
100001070,0,57,2.0,165519,2,True,True,False
100001071,0,51,2.0,149653,1,False,True,False
100001072,1,61,2.0,134102,1,False,True,False
100001073,0,64,2.0,159378,2,True,False,False
100001074,0,41,2.0,205476,1,False,False,False
100001075,0,43,2.0,280566,2,False,False,False
100001076,0,67,3.0,71823,2,False,False,True
100001077,1,71,3.0,211572,1,False,False,False
100001078,0,59,2.0,136123,1,True,True,False
100001079,0,60,2.0,176372,1,False,True,False
100001080,1,60,2.0,128271,1,False,True,False
100001081,1,45,2.0,169020,2,False,False,False
100001082,0,63,2.0,122267,2,True,True,False
100001083,0,38,3.0,169324,2,False,False,False
100001084,1,46,2.0,192561,1,False,False,False
100001085,0,55,2.0,145781,2,False,True,False
100001086,0,50,2.0,135376,1,False,True,False
100001087,1,30,3.0,169002,2,False,False,False
100001088,0,63,2.0,128469,2,True,True,False
100001089,0,67,2.0,135567,1,True,True,False
100001090,1,54,2.0,170644,2,False,False,False
100001091,0,71,2.0,192360,1,True,False,False
100001092,1,32,3.0,133235,2,False,True,False
100001093,1,45,2.0,260847,2,False,False,False
100001094,0,65,2.0,285647,2,True,False,False
100001095,0,62,2.0,164816,1,True,False,False
100001096,1,28,3.0,130148,2,False,False,True
100001097,0,65,2.0,129838,1,True,True,False
100001098,0,57,2.0,281647,1,True,False,False
100001099,1,48,2.0,157305,2,False,True,False
100001100,1,71,3.0,163654,1,False,True,False
100001101,0,38,1.0,82398,1,True,True,False
100001102,0,40,1.0,107710,1,False,True,False
100001103,0,49,1.0,122346,1,True,True,False
100001104,0,32,1.0,155540,1,False,False,False
100001105,0,45,1.0,127572,1,True,True,False
100001106,0,40,1.0,154031,1,True,False,False
100001107,0,66,2.0,164931,2,True,False,False
100001108,0,38,1.0,123003,2,True,True,False
100001109,0,20,1.0,89605,1,False,True,False
100001110,0,48,1.0,117721,1,True,True,False
100001111,0,46,2.0,168904,1,False,False,False
100001112,0,32,1.0,137576,2,True,False,False
100001113,0,54,1.0,111274,1,True,True,False
100001114,0,24,1.0,94249,2,False,False,False
100001115,0,27,1.0,180940,1,False,False,False
100001116,0,57,1.0,125032,2,True,True,False
100001117,0,38,1.0,138011,1,True,False,False
100001118,0,40,1.0,144850,1,True,True,False
100001119,0,20,1.0,107270,2,False,True,False
100001120,0,36,1.0,113405,2,True,False,False
100001121,0,47,1.0,137338,2,True,True,False
100001122,0,64,2.0,125119,2,True,False,True
100001123,0,42,1.0,159745,2,True,False,False
100001124,0,44,1.0,181262,2,True,False,False
100001125,0,30,1.0,90500,2,False,False,False
100001126,0,37,1.0,102733,1,True,True,False
100001127,0,42,1.0,135493,2,True,True,False
100001128,0,62,2.0,169044,1,False,True,False
100001129,0,49,1.0,178549,2,True,True,False
100001130,0,52,1.0,159716,2,True,True,False
100001131,0,36,1.0,170118,1,False,False,False
100001132,0,49,1.0,143886,1,True,False,True
100001133,0,42,1.0,130164,2,True,False,False
100001134,0,38,1.0,114476,1,True,True,False
100001135,0,50,1.0,126143,1,True,True,False
100001136,0,34,1.0,129654,2,False,False,False
100001137,0,43,1.0,123202,2,True,True,False
100001138,0,40,1.0,160524,1,True,True,False
100001139,0,56,2.0,126906,1,True,True,False
100001140,0,41,1.0,143994,2,True,False,False
100001141,0,30,1.0,123517,2,False,False,False
100001142,0,28,1.0,129055,2,False,True,False
100001143,0,64,2.0,136312,2,True,False,True
100001144,0,67,2.0,112486,2,True,True,False
100001145,0,37,1.0,152401,1,True,False,False
100001146,0,31,1.0,157453,1,True,False,False
100001147,0,32,1.0,142870,2,True,False,False
100001148,0,52,2.0,137231,2,False,True,False
100001149,0,31,1.0,104406,1,False,True,False
100001150,0,36,1.0,145385,1,True,False,False
100001151,0,32,1.0,146519,1,False,False,False
100001152,0,51,1.0,126227,2,True,True,False
100001153,0,47,1.0,112227,1,True,False,False
100001154,0,34,1.0,110145,2,False,True,False
100001155,0,46,2.0,149419,1,False,True,False
100001156,0,42,1.0,176646,1,False,True,False
100001157,0,39,1.0,91019,1,True,False,False
100001158,0,50,1.0,169579,2,True,True,False
100001159,0,42,1.0,142305,2,True,True,False
100001160,0,36,1.0,130602,1,False,True,False
100001161,0,18,1.0,98992,1,False,True,False
100001162,0,35,1.0,181926,2,True,False,False
100001163,0,38,1.0,152864,2,True,True,False
100001164,0,39,1.0,135837,2,True,False,False
100001165,0,24,1.0,121757,2,False,False,True
100001166,0,41,1.0,182274,1,True,True,False
100001167,0,36,1.0,149040,2,True,False,False
100001168,0,37,1.0,154196,2,True,False,False
100001169,0,45,2.0,135332,1,False,True,False
100001170,0,41,1.0,134200,2,True,False,False
100001171,0,36,1.0,177171,2,True,False,False
100001172,0,38,1.0,115964,2,True,False,True
100001173,0,38,1.0,136871,1,True,False,True
100001174,0,53,2.0,159559,2,False,False,False
100001175,0,35,1.0,113878,2,True,True,False
100001176,0,48,1.0,171203,2,True,False,False
100001177,0,36,1.0,102180,2,True,True,False
100001178,0,22,1.0,116844,1,False,False,False
100001179,0,35,1.0,139844,2,True,False,False
100001180,0,42,1.0,156431,1,True,False,True
100001181,0,39,1.0,116137,1,True,False,True
100001182,0,31,1.0,143081,1,True,True,False
100001183,0,33,1.0,155870,2,True,False,False
100001184,0,31,1.0,106924,1,False,False,True
100001185,0,42,1.0,102133,1,True,True,False
100001186,0,61,2.0,145227,1,True,False,True
100001187,0,38,1.0,159500,2,True,False,False
100001188,0,33,1.0,98498,1,True,False,True
100001189,0,48,1.0,159714,2,True,True,False
100001190,0,31,1.0,121852,1,True,False,True
100001191,0,52,1.0,141271,2,True,False,False
100001192,0,27,1.0,123213,2,False,True,False
100001193,0,40,1.0,143723,1,True,False,False
100001194,0,34,1.0,112538,1,True,False,True
100001195,0,26,1.0,97932,2,False,False,False
100001196,0,30,1.0,154003,1,True,False,True
100001197,0,53,1.0,177179,1,True,True,False
100001198,0,45,1.0,128052,2,True,True,False
100001199,0,32,1.0,114617,1,True,False,False
100001200,0,35,1.0,182822,2,True,False,False
100001201,0,26,1.0,177215,2,False,True,False
100001202,0,30,1.0,110929,1,True,True,False
100001203,0,37,1.0,111821,1,True,True,False
100001204,0,32,1.0,97306,1,True,False,False
100001205,0,40,1.0,157231,1,False,True,False
100001206,0,44,1.0,126906,2,True,False,True
100001207,0,43,1.0,133243,2,True,True,False
100001208,0,51,1.0,112250,1,True,True,False
100001209,0,37,1.0,104349,1,True,False,True
100001210,0,33,1.0,151421,2,True,True,False
100001211,0,32,1.0,178081,1,False,False,False
100001212,0,35,1.0,110181,2,True,False,True
100001213,0,30,1.0,113012,1,False,True,False
100001214,0,35,1.0,154585,2,False,False,False
100001215,0,40,1.0,144704,1,True,False,False
100001216,0,37,1.0,141632,2,True,False,False
100001217,0,37,1.0,105055,2,True,True,False
100001218,0,37,1.0,124597,2,True,True,False
100001219,0,53,1.0,160164,1,True,False,False
100001220,0,34,1.0,151754,1,True,False,False
100001221,0,51,1.0,155551,1,True,True,False
100001222,0,26,1.0,94986,2,False,True,False
100001223,0,34,1.0,175800,1,True,False,True
100001224,0,51,1.0,126246,1,True,False,False
100001225,0,33,1.0,116261,2,True,True,False
100001226,0,32,1.0,117796,2,False,False,True
100001227,0,39,1.0,115363,1,True,True,False
100001228,0,53,1.0,169076,1,True,True,False
100001229,0,34,1.0,97474,2,True,False,False
100001230,0,37,1.0,140341,2,True,True,False
100001231,0,28,1.0,114503,1,False,True,False
100001232,0,25,1.0,102937,2,False,True,False
100001233,0,36,1.0,151781,2,True,False,False
100001234,0,36,1.0,123133,2,False,True,False
100001235,0,35,1.0,118879,2,True,True,False
100001236,0,21,1.0,158683,1,False,True,False
100001237,0,29,1.0,107514,2,False,True,False
100001238,0,60,2.0,193879,1,True,True,False
100001239,0,45,1.0,135043,1,True,True,False
100001240,0,56,2.0,108559,1,False,False,True
100001241,0,30,1.0,121038,2,False,True,False
100001242,0,52,1.0,151947,2,True,False,False
100001243,0,26,1.0,118820,1,False,True,False
100001244,0,43,1.0,121517,1,True,True,False
100001245,0,34,1.0,113572,1,True,True,False
100001246,0,22,1.0,131170,2,False,True,False
100001247,0,42,1.0,92430,1,True,False,True
100001248,0,38,1.0,124554,1,True,False,True
100001249,0,29,1.0,115988,2,False,True,False
100001250,0,44,1.0,107301,2,True,True,False
100001251,0,29,1.0,103767,1,False,False,False
100001252,0,44,1.0,141493,2,True,True,False
100001253,0,38,1.0,154339,2,True,True,False
100001254,0,26,1.0,112369,1,False,False,True
100001255,0,53,1.0,158193,1,True,True,False
100001256,0,43,1.0,143734,1,True,True,False
100001257,0,33,1.0,121890,1,True,True,False
100001258,0,52,1.0,127609,1,True,False,True
100001259,0,26,1.0,94650,2,False,False,True
100001260,0,38,1.0,175504,1,True,False,False
100001261,0,47,1.0,165495,2,True,True,False
100001262,0,26,1.0,120389,1,False,True,False
100001263,0,36,1.0,165340,1,False,True,False
100001264,0,36,1.0,119804,1,True,True,False
100001265,0,57,2.0,154344,1,True,False,False
100001266,0,31,1.0,106266,2,False,False,False
100001267,0,45,1.0,136129,1,True,True,False
100001268,0,40,1.0,151914,1,True,False,False
100001269,0,21,1.0,121473,1,False,True,False
100001270,0,46,1.0,127147,2,True,True,False
100001271,0,35,1.0,125387,2,True,True,False
100001272,0,31,1.0,139490,2,False,False,True
100001273,0,51,1.0,124990,2,True,True,False
100001274,0,21,1.0,101471,1,False,False,False
100001275,0,48,1.0,155708,1,True,True,False
100001276,0,48,1.0,142345,2,True,True,False
100001277,0,68,2.0,148675,1,True,False,True
100001278,0,45,2.0,116484,2,False,True,False
100001279,0,35,1.0,150237,2,True,False,False
100001280,0,22,1.0,100273,2,False,True,False
100001281,0,44,1.0,122292,1,True,False,True
100001282,0,52,1.0,159216,1,True,True,False
100001283,0,48,1.0,130082,2,True,True,False
100001284,0,33,1.0,139547,2,True,True,False
100001285,0,35,1.0,122895,1,False,True,False
100001286,0,64,2.0,154549,1,False,True,False
100001287,0,58,1.0,149315,2,True,False,True
100001288,0,24,1.0,118101,2,False,False,True
100001289,0,40,1.0,115831,2,True,False,True
100001290,0,49,1.0,118571,2,True,False,False
100001291,0,31,1.0,138906,2,True,True,False
100001292,0,46,1.0,98520,2,True,True,False
100001293,0,46,1.0,106576,1,True,True,False
100001294,0,49,1.0,121592,1,True,True,False
100001295,0,29,1.0,135605,1,True,False,True
100001296,0,37,1.0,114552,2,True,True,False
100001297,0,33,1.0,151339,1,True,False,False
100001298,0,71,2.0,170387,2,True,True,False
100001299,0,35,1.0,118288,2,True,True,False
100001300,0,40,1.0,109992,2,True,True,False
100001301,1,27,1.0,90654,0,True,False,True
100001302,1,61,2.0,113290,0,True,False,True
100001303,1,29,1.0,100093,1,False,True,False
100001304,1,33,1.0,109489,0,True,True,False
100001305,1,56,2.0,139427,0,True,False,True
100001306,1,27,1.0,123411,1,False,True,False
100001307,1,22,1.0,137925,0,False,True,False
100001308,1,19,1.0,99119,0,False,True,False
100001309,1,28,1.0,91084,1,False,True,False
100001310,1,24,1.0,110137,1,False,True,False
100001311,1,27,1.0,67041,0,False,False,True
100001312,1,30,1.0,127299,1,False,True,False
100001313,1,26,1.0,84555,0,True,False,True
100001314,1,26,1.0,123895,0,False,True,False
100001315,1,23,1.0,94324,1,False,True,False
100001316,1,28,1.0,96062,0,False,True,False
100001317,1,67,3.0,144843,0,False,True,False
100001318,1,27,1.0,107485,1,False,True,False
100001319,1,32,1.0,98573,0,False,True,False
100001320,1,24,1.0,107462,0,True,False,True
100001321,1,28,1.0,115809,1,False,True,False
100001322,1,48,2.0,118749,0,True,False,True
100001323,1,32,1.0,139112,1,False,True,False
100001324,1,25,1.0,94075,0,False,True,False
100001325,1,57,2.0,62002,0,False,False,True
100001326,1,28,1.0,127262,0,False,True,False
100001327,1,24,1.0,122846,1,False,True,False
100001328,1,25,1.0,61907,0,False,False,True
100001329,1,31,1.0,89287,0,True,False,True
100001330,1,33,1.0,103696,1,True,True,False
100001331,1,50,2.0,147603,0,False,True,False
100001332,1,58,2.0,139229,1,False,False,True
100001333,1,27,1.0,107932,0,False,False,True
100001334,1,48,2.0,116235,0,False,False,True
100001335,1,22,1.0,85974,0,False,False,True
100001336,1,40,1.0,124001,0,False,False,True
100001337,1,32,1.0,121428,0,False,True,False
100001338,1,25,1.0,93233,0,True,False,True
100001339,1,27,1.0,67965,0,False,False,True
100001340,1,27,1.0,88001,0,False,False,True
100001341,1,23,1.0,129112,0,False,True,False
100001342,1,32,1.0,109324,1,False,True,False
100001343,1,25,1.0,112785,1,False,True,False
100001344,1,46,2.0,136735,0,False,False,True
100001345,1,21,1.0,107779,1,False,True,False
100001346,1,29,1.0,103526,0,False,True,False
100001347,1,31,1.0,93171,0,False,False,True
100001348,1,26,1.0,106559,0,True,False,True
100001349,1,23,1.0,112728,1,False,True,False
100001350,1,38,1.0,102855,1,True,True,False
100001351,1,35,1.0,85381,0,True,False,True
100001352,1,27,1.0,100762,1,False,True,False
100001353,1,22,1.0,131445,1,False,True,False
100001354,1,52,2.0,123194,0,False,True,False
100001355,1,19,1.0,99519,1,False,True,False
100001356,1,23,1.0,112853,0,False,True,False
100001357,1,42,1.0,110509,0,True,True,False
100001358,1,27,1.0,106446,1,False,True,False
100001359,1,39,2.0,89665,0,False,False,True
100001360,1,50,2.0,128233,1,False,True,False
100001361,1,36,1.0,133615,0,False,True,False
100001362,1,25,1.0,115833,1,False,True,False
100001363,1,27,1.0,65560,0,False,False,True
100001364,1,30,1.0,118642,0,False,True,False
100001365,1,22,1.0,63635,0,True,False,True
100001366,1,27,1.0,122649,1,False,True,False
100001367,1,31,1.0,143321,1,True,False,False
100001368,1,29,1.0,99556,0,False,True,False
100001369,1,34,1.0,36760,0,True,False,True
100001370,1,33,1.0,71935,0,True,False,True
100001371,1,26,1.0,114977,0,False,True,False
100001372,1,36,1.0,147691,1,False,True,False
100001373,1,26,1.0,54296,0,False,False,True
100001374,1,39,1.0,80014,0,False,False,True
100001375,1,44,2.0,77887,0,False,False,True
100001376,1,46,2.0,98517,0,False,False,True
100001377,1,31,1.0,103012,0,False,False,True
100001378,1,26,1.0,121377,0,True,True,False
100001379,1,22,1.0,91359,1,False,True,False
100001380,1,48,2.0,104833,0,True,False,True
100001381,1,27,1.0,101209,0,False,True,False
100001382,1,30,1.0,58207,0,True,False,True
100001383,1,27,1.0,116708,1,False,True,False
100001384,1,36,1.0,107471,1,False,True,False
100001385,1,31,1.0,128495,0,False,True,False
100001386,1,21,1.0,124468,0,True,True,False
100001387,1,26,1.0,106922,1,False,True,False
100001388,1,24,1.0,104291,0,True,True,False
100001389,1,29,1.0,98204,0,False,True,False
100001390,1,32,1.0,127071,0,False,True,False
100001391,1,45,2.0,85115,0,False,False,True
100001392,1,58,2.0,104013,0,False,False,True
100001393,1,25,1.0,89863,0,False,True,False
100001394,1,67,3.0,135300,0,False,True,False
100001395,1,53,2.0,107861,0,False,False,True
100001396,1,24,1.0,123994,0,False,True,False
100001397,1,20,1.0,91270,0,True,False,True
100001398,1,71,3.0,133245,0,False,False,True
100001399,1,31,1.0,118594,1,False,True,False
100001400,1,27,1.0,40606,0,False,False,True
100001401,1,36,1.0,129304,0,False,False,True
100001402,1,25,1.0,113118,0,False,True,False
100001403,1,41,1.0,133131,0,True,True,False
100001404,1,30,1.0,106876,1,False,True,False
100001405,1,32,1.0,130870,1,False,True,False
100001406,1,29,1.0,125621,0,False,False,True
100001407,1,27,1.0,78923,0,True,False,True
100001408,1,32,1.0,123983,0,False,True,False
100001409,1,25,1.0,75184,0,False,False,True
100001410,1,24,1.0,109693,0,True,True,False
100001411,1,63,2.0,86273,0,False,False,True
100001412,1,42,2.0,113190,0,True,False,True
100001413,1,22,1.0,109274,0,False,False,True
100001414,1,46,2.0,143489,1,False,True,False
100001415,1,24,1.0,99570,1,False,True,False
100001416,1,30,1.0,139468,1,True,True,False
100001417,1,44,2.0,108627,0,False,False,True
100001418,1,25,1.0,106355,0,True,True,False
100001419,1,27,1.0,96952,0,False,True,False
100001420,1,27,1.0,141502,1,False,True,False
100001421,1,34,1.0,110420,1,False,True,False
100001422,1,18,1.0,97741,1,False,True,False
100001423,1,25,1.0,99583,1,False,True,False
100001424,1,21,1.0,63698,0,False,False,True
100001425,1,26,1.0,116688,1,False,True,False
100001426,1,27,1.0,131542,1,False,False,False
100001427,1,25,1.0,136055,1,True,True,False
100001428,1,30,1.0,100195,1,False,True,False
100001429,1,66,3.0,131001,0,True,True,False
100001430,1,25,1.0,104062,1,False,True,False
100001431,1,43,2.0,137689,0,False,True,False
100001432,1,35,1.0,137705,1,False,True,False
100001433,1,70,3.0,69915,0,True,False,True
100001434,1,35,1.0,68731,0,True,False,True
100001435,1,26,1.0,105726,0,False,True,False
100001436,1,29,1.0,78078,0,True,False,True
100001437,1,22,1.0,110835,0,False,False,True
100001438,1,26,1.0,115531,1,True,True,False
100001439,1,36,1.0,92723,0,False,False,True
100001440,1,35,1.0,107509,1,False,True,False
100001441,1,28,1.0,116763,1,False,True,False
100001442,1,24,1.0,100733,0,False,True,False
100001443,1,34,1.0,92652,0,False,False,True
100001444,1,25,1.0,106987,0,False,True,False
100001445,1,54,2.0,51882,0,False,False,True
100001446,1,46,2.0,104751,0,True,False,True
100001447,1,42,1.0,50947,0,False,False,True
100001448,1,45,2.0,126986,0,True,False,True
100001449,1,48,2.0,110223,0,True,False,True
100001450,1,21,1.0,100591,0,True,False,True
100001451,1,31,1.0,123257,0,False,True,False
100001452,1,35,1.0,137736,1,True,True,False
100001453,1,36,1.0,110221,1,False,True,False
100001454,1,32,1.0,99703,0,False,False,True
100001455,1,26,1.0,106667,0,False,False,True
100001456,1,34,1.0,143319,0,False,True,False
100001457,1,65,2.0,135557,1,False,True,False
100001458,1,50,2.0,93390,0,False,False,True
100001459,1,39,1.0,97577,0,False,True,False
100001460,1,52,2.0,124196,0,True,False,True
100001461,1,36,1.0,81136,0,False,False,True
100001462,1,29,1.0,119439,0,False,True,False
100001463,1,36,1.0,145231,1,False,True,False
100001464,1,36,1.0,85623,0,False,False,True
100001465,1,27,1.0,145373,1,False,True,False
100001466,1,36,1.0,135896,1,False,False,False
100001467,1,26,1.0,106470,1,False,True,False
100001468,1,57,2.0,113334,1,True,True,False
100001469,1,27,1.0,100560,0,True,False,True
100001470,1,58,2.0,108442,0,False,False,True
100001471,1,27,1.0,64472,0,False,False,True
100001472,1,49,2.0,120207,0,False,True,False
100001473,1,43,2.0,101680,0,False,True,False
100001474,1,45,2.0,92342,0,True,False,True
100001475,1,27,1.0,98611,0,False,False,True
100001476,1,34,1.0,97613,1,False,True,False
100001477,1,21,1.0,82298,0,False,False,True
100001478,1,54,2.0,125302,1,False,True,False
100001479,1,43,2.0,108725,0,False,False,True
100001480,1,25,1.0,85569,0,True,False,True
100001481,1,57,2.0,110372,0,True,False,True
100001482,1,26,1.0,100511,1,False,True,False
100001483,1,30,1.0,110455,0,True,True,False
100001484,1,58,2.0,141993,0,True,False,True
100001485,1,25,1.0,121789,1,False,True,False
100001486,1,23,1.0,138967,0,False,True,False
100001487,1,22,1.0,105230,0,True,True,False
100001488,1,21,1.0,90656,1,False,True,False
100001489,1,20,1.0,115445,1,False,True,False
100001490,1,22,1.0,59955,0,False,False,True
100001491,1,27,1.0,126268,1,True,True,False
100001492,1,24,1.0,80830,0,True,False,True
100001493,1,23,1.0,123625,0,False,True,False
100001494,1,26,1.0,102543,1,False,True,False
100001495,1,28,1.0,101948,0,True,True,False
100001496,1,64,3.0,142280,0,False,True,False
100001497,1,26,1.0,105434,1,False,True,False
100001498,1,31,1.0,106115,0,False,True,False
100001499,1,28,1.0,111057,0,True,False,True
100001500,1,25,1.0,117758,1,False,True,False
100001501,1,49,2.0,118396,0,True,False,True
100001502,1,33,1.0,136260,1,False,True,False
100001503,1,27,1.0,97192,0,True,True,False
100001504,1,59,2.0,62101,0,False,False,True
100001505,1,28,1.0,123497,0,False,True,False
100001506,1,24,1.0,120326,1,False,True,False
100001507,1,26,1.0,66645,0,False,False,True
100001508,1,33,1.0,83429,0,True,False,True
100001509,1,37,1.0,107539,1,True,True,False
100001510,1,46,2.0,153880,0,False,True,False
100001511,1,62,2.0,140178,1,False,False,True
100001512,1,26,1.0,100402,0,True,False,True
100001513,1,49,2.0,122158,0,False,False,True
100001514,1,25,1.0,89331,0,False,False,True
100001515,1,37,1.0,125359,0,False,False,True
100001516,1,31,1.0,124110,0,True,True,False
100001517,1,25,1.0,93526,0,True,False,True
100001518,1,21,1.0,70170,0,False,False,True
100001519,1,27,1.0,82357,0,False,False,True
100001520,1,29,1.0,126745,0,False,True,False
100001521,1,30,1.0,103326,1,False,True,False
100001522,1,26,1.0,116048,1,False,True,False
100001523,1,40,2.0,137115,0,False,False,True
100001524,1,23,1.0,105365,1,False,True,False
100001525,1,31,1.0,95911,0,False,True,False
100001526,1,29,1.0,88669,0,False,False,True
100001527,1,22,1.0,103776,0,True,False,True
100001528,1,26,1.0,108864,1,False,True,False
100001529,1,39,1.0,106037,1,True,True,False
100001530,1,35,1.0,84851,0,True,False,True
100001531,1,26,1.0,95748,1,False,True,False
100001532,1,28,1.0,133616,1,False,True,False
100001533,1,56,2.0,132752,0,False,True,False
100001534,1,22,1.0,95712,1,False,True,False
100001535,1,26,1.0,109063,0,False,True,False
100001536,1,41,1.0,113521,0,True,True,False
100001537,1,29,1.0,109380,1,False,True,False
100001538,1,42,2.0,82558,0,False,False,True
100001539,1,50,2.0,124777,1,False,True,False
100001540,1,33,1.0,133542,0,False,True,False
100001541,1,28,1.0,116492,1,False,True,False
100001542,1,27,1.0,68834,0,False,False,True
100001543,1,27,1.0,124023,0,False,True,False
100001544,1,28,1.0,63882,0,True,False,True
100001545,1,24,1.0,122492,1,False,True,False
100001546,1,28,1.0,141453,1,True,False,False
100001547,1,32,1.0,99327,0,False,True,False
100001548,1,32,1.0,45590,0,True,False,True
100001549,1,30,1.0,71167,0,True,False,True
100001550,1,29,1.0,111992,0,False,True,False
100001551,1,37,1.0,145140,1,False,True,False
100001552,1,24,1.0,49672,0,False,False,True
100001553,1,36,1.0,75536,0,False,False,True
100001554,1,40,2.0,86720,0,False,False,True
100001555,1,51,2.0,97729,0,False,False,True
100001556,1,33,1.0,106808,0,False,False,True
100001557,1,31,1.0,117971,0,True,True,False
100001558,1,29,1.0,97731,1,False,True,False
100001559,1,48,2.0,109196,0,True,False,True
100001560,1,25,1.0,94905,0,False,True,False
100001561,1,28,1.0,57480,0,True,False,True
100001562,1,23,1.0,109175,1,False,True,False
100001563,1,32,1.0,111174,1,False,True,False
100001564,1,34,1.0,127255,0,False,True,False
100001565,1,23,1.0,115499,0,True,True,False
100001566,1,25,1.0,109499,1,False,True,False
100001567,1,25,1.0,104696,0,True,True,False
100001568,1,27,1.0,104467,0,False,True,False
100001569,1,29,1.0,120157,0,False,True,False
100001570,1,46,2.0,81200,0,False,False,True
100001571,1,61,2.0,97558,0,False,False,True
100001572,1,25,1.0,95914,0,False,True,False
100001573,1,67,3.0,128053,0,False,True,False
100001574,1,49,2.0,101734,0,False,False,True
100001575,1,21,1.0,126009,0,False,True,False
100001576,1,19,1.0,91232,0,True,False,True
100001577,1,67,3.0,128343,0,False,False,True
100001578,1,31,1.0,110040,1,False,True,False
100001579,1,27,1.0,38247,0,False,False,True
100001580,1,37,1.0,129027,0,False,False,True
100001581,1,27,1.0,115026,0,False,True,False
100001582,1,36,1.0,130323,0,True,True,False
100001583,1,24,1.0,103181,1,False,True,False
100001584,1,31,1.0,138307,1,False,True,False
100001585,1,29,1.0,122564,0,False,False,True
100001586,1,28,1.0,82351,0,True,False,True
100001587,1,34,1.0,125351,0,False,True,False
100001588,1,26,1.0,82940,0,False,False,True
100001589,1,21,1.0,108029,0,True,True,False
100001590,1,63,2.0,82734,0,False,False,True
100001591,1,38,2.0,116816,0,True,False,True
100001592,1,20,1.0,113472,0,False,False,True
100001593,1,44,2.0,143343,1,False,True,False
100001594,1,31,1.0,104074,1,False,True,False
100001595,1,33,1.0,138525,1,True,True,False
100001596,1,49,2.0,106960,0,False,False,True
100001597,1,26,1.0,108323,0,True,True,False
100001598,1,28,1.0,95784,0,False,True,False
100001599,1,30,1.0,140673,1,False,True,False
100001600,1,36,1.0,104235,1,False,True,False
100001601,1,27,1.0,54041,0,False,False,True
100001602,0,23,0.0,107961,0,True,False,True
100001603,0,31,0.0,113757,0,True,True,False
100001604,1,27,1.0,94884,0,False,True,False
100001605,1,25,1.0,126041,0,False,True,False
100001606,1,23,1.0,64952,0,False,False,True
100001607,0,27,1.0,66764,0,False,False,True
100001608,1,38,1.0,67861,0,True,False,True
100001609,0,44,1.0,113516,0,True,False,True
100001610,1,42,1.0,46109,0,False,False,True
100001611,1,25,1.0,103651,0,False,False,True
100001612,0,40,1.0,75043,0,False,False,True
100001613,1,24,1.0,116473,0,False,False,True
100001614,1,39,1.0,96614,0,True,False,True
100001615,0,24,0.0,66447,0,True,False,True
100001616,1,50,1.0,119068,0,True,True,False
100001617,1,28,1.0,122973,0,False,False,True
100001618,1,36,1.0,81609,0,False,False,True
100001619,0,36,1.0,105519,0,True,True,False
100001620,1,40,1.0,86649,0,False,False,True
100001621,1,31,0.0,76384,0,True,False,True
100001622,0,27,1.0,67136,0,False,False,True
100001623,1,35,1.0,93155,0,False,False,True
100001624,0,51,1.0,124183,0,True,False,True
100001625,1,26,0.0,64860,0,True,False,True
100001626,0,33,1.0,87232,0,True,False,True
100001627,1,27,1.0,92304,0,False,False,True
100001628,0,38,1.0,84254,0,True,False,True
100001629,1,30,0.0,106696,0,True,True,False
100001630,0,28,0.0,113212,0,True,True,False
100001631,0,23,0.0,71076,0,True,False,True
100001632,1,23,1.0,114270,0,False,False,True
100001633,1,26,1.0,125538,0,False,True,False
100001634,1,21,1.0,92442,0,False,False,True
100001635,1,36,1.0,75297,0,True,False,True
100001636,1,24,1.0,65707,0,False,False,True
100001637,0,41,1.0,120387,0,True,True,False
100001638,0,42,1.0,120946,0,True,True,False
100001639,0,27,0.0,73265,0,True,False,True
100001640,0,40,1.0,77481,0,False,False,True
100001641,1,34,1.0,91282,0,False,False,True
100001642,0,40,1.0,104405,0,True,False,True
100001643,0,33,1.0,99646,0,True,True,False
100001644,1,49,1.0,97791,0,True,False,True
100001645,0,28,0.0,81878,0,True,False,True
100001646,1,26,1.0,107908,0,False,True,False
100001647,1,40,1.0,98608,0,True,False,True
100001648,0,47,1.0,95228,0,True,False,True
100001649,1,41,1.0,128163,0,False,True,False
100001650,1,29,1.0,94325,0,False,False,True
100001651,1,37,1.0,90815,0,False,False,True
100001652,0,31,0.0,120719,0,True,True,False
100001653,0,35,1.0,110159,0,True,True,False
100001654,0,35,1.0,124490,0,True,True,False
100001655,1,29,1.0,75161,0,False,False,True
100001656,1,37,1.0,127206,0,True,True,False
100001657,0,37,1.0,83660,0,True,False,True
100001658,1,26,1.0,87400,0,False,False,True
100001659,1,28,1.0,78942,0,False,False,True
100001660,1,23,1.0,88452,0,False,False,True
100001661,0,38,1.0,104128,0,True,True,False
100001662,1,30,1.0,100313,0,False,True,False
100001663,1,45,1.0,107387,0,True,True,False
100001664,0,24,0.0,84355,0,True,False,True
100001665,1,35,1.0,112723,0,True,True,False
100001666,1,41,1.0,115892,0,False,True,False
100001667,0,30,1.0,106597,0,False,True,False
100001668,1,30,1.0,121327,0,False,True,False
100001669,1,26,1.0,92559,0,False,False,True
100001670,1,25,1.0,87537,0,False,False,True
100001671,1,23,1.0,70569,0,False,False,True
100001672,1,27,1.0,85294,0,False,False,True
100001673,1,26,0.0,70905,0,True,False,True
100001674,0,25,0.0,103716,0,True,False,True
100001675,0,27,1.0,94947,0,False,True,False
100001676,1,42,1.0,80116,0,True,False,True
100001677,0,35,1.0,86492,0,True,False,True
100001678,1,25,1.0,88672,0,False,False,True
100001679,1,26,1.0,82984,0,False,False,True
100001680,0,38,1.0,128100,0,True,True,False
100001681,1,28,0.0,72869,0,True,False,True
100001682,0,33,1.0,112227,0,False,True,False
100001683,1,40,1.0,94674,0,True,False,True
100001684,1,23,1.0,101003,0,False,True,False
100001685,1,25,0.0,112924,0,True,True,False
100001686,1,28,0.0,108645,0,True,False,True
100001687,0,41,1.0,69415,0,True,False,True
100001688,1,50,1.0,112204,0,True,False,True
100001689,1,23,1.0,109700,0,False,True,False
100001690,1,26,1.0,104484,0,False,True,False
100001691,1,22,1.0,61239,0,False,False,True
100001692,0,37,1.0,119602,0,True,False,True
100001693,1,38,1.0,81014,0,True,False,True
100001694,1,22,1.0,68165,0,False,False,True
100001695,1,30,0.0,88652,0,True,False,True
100001696,0,38,1.0,75705,0,True,False,True
100001697,1,36,1.0,104189,0,False,True,False
100001698,0,41,1.0,71603,0,True,False,True
100001699,1,29,1.0,121914,0,False,True,False
100001700,1,31,1.0,106637,0,False,True,False
100001701,1,31,0.0,99800,0,True,True,False
100001702,1,21,0.0,67629,0,True,False,True
100001703,0,32,0.0,120354,0,True,True,False
100001704,1,35,1.0,122110,0,False,True,False
100001705,0,29,0.0,89170,0,True,False,True
100001706,1,34,1.0,109195,0,True,True,False
100001707,1,38,1.0,92392,0,True,False,True
100001708,1,33,1.0,43805,0,False,False,True
100001709,1,28,1.0,68389,0,False,False,True
100001710,1,28,1.0,112521,0,False,True,False
100001711,0,21,0.0,59255,0,True,False,True
100001712,1,29,1.0,98612,0,False,False,True
100001713,1,26,1.0,70649,0,False,False,True
100001714,1,40,1.0,95228,0,True,False,True
100001715,1,25,0.0,46865,0,True,False,True
100001716,0,20,1.0,101688,0,False,True,False
100001717,1,23,1.0,62618,0,False,False,True
100001718,1,27,0.0,102531,0,True,True,False
100001719,1,36,1.0,100737,0,True,True,False
100001720,1,25,1.0,107321,0,False,True,False
100001721,1,25,1.0,112879,0,False,False,True
100001722,1,34,1.0,125372,0,False,False,True
100001723,1,24,0.0,69419,0,True,False,True
100001724,1,36,1.0,124759,0,True,True,False
100001725,1,40,1.0,79076,0,True,False,True
100001726,0,39,1.0,84779,0,True,False,True
100001727,1,42,1.0,77393,0,True,False,True
100001728,0,35,1.0,113187,0,True,False,True
100001729,1,27,1.0,99100,0,False,True,False
100001730,0,27,0.0,64954,0,True,False,True
100001731,1,23,1.0,103244,0,False,True,False
100001732,1,32,1.0,124975,0,False,True,False
100001733,0,28,1.0,133582,0,False,True,False
100001734,0,22,0.0,103519,0,True,True,False
100001735,0,31,0.0,117813,0,True,True,False
100001736,1,22,1.0,119902,0,False,True,False
100001737,0,23,0.0,70783,0,True,False,True
100001738,1,35,1.0,125470,0,False,False,True
100001739,1,26,1.0,109782,0,False,False,True
100001740,1,28,1.0,78322,0,False,False,True
100001741,0,54,1.0,125517,0,True,True,False
100001742,1,49,1.0,102463,0,True,False,True
100001743,1,38,1.0,89309,0,True,False,True
100001744,1,47,1.0,110287,0,True,True,False
100001745,1,49,1.0,122391,0,True,False,True
100001746,1,30,1.0,116399,0,False,True,False
100001747,1,32,0.0,81907,0,True,False,True
100001748,1,24,1.0,97909,0,False,False,True
100001749,1,25,0.0,68051,0,True,False,True
100001750,0,33,1.0,82414,0,True,False,True
100001751,1,34,1.0,123089,0,False,True,False
100001752,1,24,1.0,66537,0,False,False,True
100001753,1,36,1.0,127926,0,True,False,True
100001754,1,41,1.0,78963,0,True,False,True
100001755,0,33,1.0,108694,0,False,True,False
100001756,1,26,1.0,100892,0,False,True,False
100001757,1,36,1.0,119560,0,True,True,False
100001758,1,35,1.0,116176,0,True,False,True
100001759,0,29,0.0,111854,0,True,True,False
100001760,1,26,1.0,69831,0,False,False,True
100001761,0,31,0.0,69375,0,True,False,True
100001762,0,26,1.0,71310,0,False,False,True
100001763,0,47,1.0,73913,0,True,False,True
100001764,0,20,1.0,95492,0,False,True,False
100001765,0,45,1.0,109329,0,True,False,True
100001766,0,36,1.0,116027,0,True,True,False
100001767,0,31,1.0,81987,0,False,False,True
100001768,1,41,1.0,83481,0,True,False,True
100001769,1,31,0.0,72361,0,True,False,True
100001770,1,27,1.0,106625,0,False,False,True
100001771,1,32,1.0,123707,0,False,True,False
100001772,1,43,1.0,79353,0,True,False,True
100001773,1,32,0.0,68347,0,True,False,True
100001774,1,29,1.0,115832,0,False,True,False
100001775,0,37,1.0,89946,0,True,False,True
100001776,1,35,1.0,86319,0,True,False,True
100001777,1,23,1.0,70963,0,False,False,True
100001778,0,40,1.0,106120,0,True,True,False
100001779,1,26,1.0,97856,0,False,True,False
100001780,0,28,0.0,61824,0,True,False,True
100001781,1,40,1.0,103907,0,False,True,False
100001782,1,26,1.0,99953,0,False,False,True
100001783,1,23,1.0,113413,0,False,True,False
100001784,0,26,0.0,107091,0,True,False,True
100001785,0,26,0.0,124783,0,True,True,False
100001786,1,49,1.0,92281,0,True,False,True
100001787,1,26,1.0,96219,0,False,True,False
100001788,1,35,1.0,86221,0,True,False,True
100001789,1,24,1.0,80962,0,False,False,True
100001790,1,46,1.0,78754,0,True,False,True
100001791,0,26,0.0,60026,0,True,False,True
100001792,0,47,1.0,88157,0,True,False,True
100001793,0,27,0.0,59881,0,True,False,True
100001794,0,41,1.0,112818,0,False,True,False
100001795,1,29,1.0,102250,0,False,True,False
100001796,1,28,1.0,38980,0,False,False,True
100001797,1,33,1.0,81807,0,False,False,True
100001798,1,50,1.0,93148,0,True,False,True
100001799,1,32,1.0,108032,0,False,True,False
100001800,0,31,1.0,89335,0,False,False,True
100001801,0,52,1.0,95639,0,True,False,True
100001802,0,53,1.0,124902,0,True,True,False
100001803,1,34,1.0,87801,0,False,False,True
100001804,1,22,1.0,92538,0,False,True,False
100001805,0,33,1.0,83687,0,False,False,True
100001806,0,32,0.0,128310,0,True,True,False
100001807,1,45,1.0,104754,0,True,False,True
100001808,0,25,1.0,68222,0,False,False,True
100001809,1,41,1.0,97006,0,False,False,True
100001810,1,36,1.0,107372,0,True,False,True
100001811,1,27,1.0,110511,0,False,True,False
100001812,0,40,1.0,72193,0,True,False,True
100001813,1,37,1.0,95972,0,True,False,True
100001814,0,35,1.0,105556,0,True,False,True
100001815,0,34,1.0,88701,0,True,False,True
100001816,1,28,0.0,117710,0,True,True,False
100001817,1,44,1.0,76057,0,True,False,True
100001818,0,27,1.0,100392,0,False,True,False
100001819,1,50,1.0,113308,0,True,True,False
100001820,1,18,1.0,100924,0,False,True,False
100001821,1,25,0.0,72188,0,True,False,True
100001822,1,40,1.0,70431,0,False,False,True
100001823,0,28,1.0,110103,0,False,True,False
100001824,1,23,1.0,60825,0,False,False,True
100001825,1,35,1.0,75100,0,False,False,True
100001826,1,28,1.0,129327,0,False,True,False
100001827,1,23,0.0,95541,0,True,True,False
100001828,0,34,1.0,112777,0,False,True,False
100001829,1,29,1.0,51496,0,False,False,True
100001830,1,35,1.0,102781,0,True,True,False
100001831,1,32,1.0,87494,0,False,False,True
100001832,1,46,1.0,72728,0,True,False,True
100001833,1,27,1.0,114775,0,False,True,False
100001834,1,25,1.0,124359,0,False,True,False
100001835,1,27,1.0,101620,0,False,False,True
100001836,1,24,1.0,87964,0,False,False,True
100001837,1,33,0.0,69523,0,True,False,True
100001838,1,24,1.0,109486,0,False,True,False
100001839,1,28,0.0,77206,0,True,False,True
100001840,1,35,1.0,53608,0,True,False,True
100001841,1,30,1.0,118677,0,False,True,False
100001842,0,43,1.0,116512,0,True,True,False
100001843,0,21,1.0,114756,0,False,False,True
100001844,1,24,1.0,65852,0,False,False,True
100001845,0,34,1.0,75626,0,True,False,True
100001846,1,26,1.0,127455,0,False,True,False
100001847,0,37,1.0,107073,0,True,True,False
100001848,1,32,1.0,82196,0,False,False,True
100001849,1,33,1.0,106741,0,False,False,True
100001850,0,28,1.0,94518,0,False,True,False
100001851,1,30,1.0,114430,0,False,True,False
100001852,1,26,1.0,57165,0,False,False,True
100001853,1,25,0.0,109610,0,True,False,True
100001854,0,33,0.0,113619,0,True,True,False
100001855,1,30,1.0,93854,0,False,True,False
100001856,1,26,1.0,129022,0,False,True,False
100001857,0,23,1.0,66804,0,False,False,True
100001858,0,25,1.0,62689,0,False,False,True
100001859,1,40,1.0,67619,0,True,False,True
100001860,0,46,1.0,113495,0,True,False,True
100001861,1,43,1.0,48632,0,False,False,True
100001862,1,22,1.0,107394,0,False,False,True
100001863,0,39,1.0,72385,0,False,False,True
100001864,1,27,1.0,115934,0,False,False,True
100001865,0,40,1.0,93183,0,True,False,True
100001866,0,24,0.0,63506,0,True,False,True
100001867,1,52,1.0,113619,0,True,True,False
100001868,1,30,1.0,121399,0,False,False,True
100001869,1,34,1.0,78281,0,False,False,True
100001870,1,38,1.0,103926,0,True,True,False
100001871,0,39,1.0,89097,0,False,False,True
100001872,1,29,0.0,80852,0,True,False,True
100001873,0,25,1.0,65207,0,False,False,True
100001874,1,35,1.0,93495,0,False,False,True
100001875,0,53,1.0,121970,0,True,False,True
100001876,0,26,0.0,62027,0,True,False,True
100001877,0,33,1.0,88602,0,True,False,True
100001878,0,29,1.0,89914,0,False,False,True
100001879,0,39,1.0,83342,0,True,False,True
100001880,0,29,0.0,103439,0,True,True,False
100001881,0,26,0.0,115451,0,True,True,False
100001882,0,24,0.0,68250,0,True,False,True
100001883,1,21,1.0,113630,0,False,False,True
100001884,1,26,1.0,125880,0,False,True,False
100001885,1,20,1.0,91177,0,False,False,True
100001886,1,35,1.0,73266,0,True,False,True
100001887,1,24,1.0,69021,0,False,False,True
100001888,1,40,1.0,122593,0,True,True,False
100001889,1,44,1.0,122180,0,True,True,False
100001890,0,29,0.0,75160,0,True,False,True
100001891,1,39,1.0,81973,0,False,False,True
100001892,1,35,1.0,92194,0,False,False,True
100001893,0,42,1.0,107380,0,True,False,True
100001894,1,32,1.0,98023,0,True,True,False
100001895,0,48,1.0,94868,0,True,False,True
100001896,0,26,0.0,83442,0,True,False,True
100001897,1,26,1.0,109887,0,False,True,False
100001898,0,42,1.0,98876,0,True,False,True
100001899,0,48,1.0,94962,0,True,False,True
100001900,1,42,1.0,130740,0,False,True,False
100001901,1,27,1.0,94095,0,False,False,True
100001902,1,37,1.0,95071,0,False,False,True
100001903,0,33,0.0,117308,0,True,True,False
100001904,0,33,1.0,112093,0,True,True,False
100001905,1,37,1.0,123893,0,True,True,False
100001906,1,31,1.0,80189,0,False,False,True
100001907,0,39,1.0,124089,0,True,True,False
100001908,1,40,1.0,82673,0,True,False,True
100001909,1,28,1.0,88858,0,False,False,True
100001910,1,26,1.0,80540,0,False,False,True
100001911,1,24,1.0,84228,0,False,False,True
100001912,0,40,1.0,103963,0,True,True,False
100001913,1,29,1.0,102397,0,False,True,False
100001914,0,43,1.0,111563,0,True,True,False
100001915,0,23,0.0,88260,0,True,False,True
100001916,1,34,1.0,114767,0,True,True,False
100001917,1,42,1.0,113275,0,False,True,False
100001918,1,33,1.0,104755,0,False,True,False
100001919,1,32,1.0,120525,0,False,True,False
100001920,1,26,1.0,96082,0,False,False,True
100001921,1,23,1.0,87227,0,False,False,True
100001922,1,26,1.0,69333,0,False,False,True
100001923,1,27,1.0,87777,0,False,False,True
100001924,0,24,0.0,70978,0,True,False,True
100001925,0,27,0.0,104196,0,True,False,True
100001926,1,26,1.0,97551,0,False,True,False
100001927,1,42,1.0,78979,0,True,False,True
100001928,1,37,1.0,82500,0,True,False,True
100001929,1,26,1.0,86306,0,False,False,True
100001930,1,24,1.0,78762,0,False,False,True
100001931,1,39,1.0,125543,0,True,True,False
100001932,0,26,0.0,70336,0,True,False,True
100001933,0,35,1.0,112975,0,False,True,False
100001934,0,38,1.0,96681,0,True,False,True
100001935,1,24,1.0,98922,0,False,True,False
100001936,1,26,0.0,109250,0,True,True,False
100001937,0,25,0.0,108960,0,True,False,True
100001938,0,40,1.0,71302,0,True,False,True
100001939,1,48,1.0,107757,0,True,False,True
100001940,1,22,1.0,111600,0,False,True,False
100001941,1,25,1.0,102974,0,False,True,False
100001942,0,24,1.0,63442,0,False,False,True
100001943,0,39,1.0,118913,0,True,False,True
100001944,0,39,1.0,80987,0,True,False,True
100001945,1,21,1.0,68790,0,False,False,True
100001946,1,27,0.0,86462,0,True,False,True
100001947,0,40,1.0,76881,0,True,False,True
100001948,1,37,1.0,107409,0,False,True,False
100001949,1,42,1.0,69114,0,True,False,True
100001950,1,31,1.0,119167,0,False,True,False
100001951,1,31,1.0,102018,0,False,True,False
100001952,0,30,0.0,97680,0,True,True,False
100001953,1,23,0.0,65062,0,True,False,True
100001954,0,33,0.0,118144,0,True,True,False
100001955,1,37,1.0,124548,0,False,True,False
100001956,1,29,0.0,85637,0,True,False,True
100001957,1,31,1.0,113108,0,True,True,False
100001958,0,39,1.0,93554,0,True,False,True
100001959,1,33,1.0,42516,0,False,False,True
100001960,0,26,1.0,72429,0,False,False,True
100001961,1,27,1.0,110154,0,False,True,False
100001962,1,20,0.0,60965,0,True,False,True
100001963,1,27,1.0,100618,0,False,False,True
100001964,1,26,1.0,71021,0,False,False,True
100001965,0,40,1.0,94189,0,True,False,True
100001966,0,24,0.0,44742,0,True,False,True
100001967,1,22,1.0,103201,0,False,True,False
100001968,1,24,1.0,62335,0,False,False,True
100001969,1,27,0.0,103787,0,True,True,False
100001970,0,35,1.0,99401,0,True,True,False
100001971,0,27,1.0,105197,0,False,True,False
100001972,1,25,1.0,115566,0,False,False,True
100001973,1,34,1.0,125843,0,False,False,True
100001974,1,24,0.0,67936,0,True,False,True
100001975,1,34,1.0,120863,0,True,True,False
100001976,0,42,1.0,77317,0,True,False,True
100001977,1,38,1.0,84653,0,True,False,True
100001978,0,42,1.0,81606,0,True,False,True
100001979,1,35,1.0,113380,0,True,False,True
100001980,1,27,1.0,100644,0,False,True,False
100001981,0,25,0.0,64037,0,True,False,True
100001982,1,23,1.0,101350,0,False,True,False
100001983,1,34,1.0,126334,0,False,True,False
100001984,1,28,1.0,130877,0,False,True,False
100001985,0,21,0.0,103470,0,True,True,False
100001986,1,32,0.0,114588,0,True,True,False
100001987,1,21,1.0,120682,0,False,True,False
100001988,0,25,0.0,66628,0,True,False,True
100001989,1,35,1.0,124447,0,False,False,True
100001990,1,25,1.0,106567,0,False,False,True
100001991,1,31,1.0,78758,0,False,False,True
100001992,0,54,1.0,128537,0,True,True,False
100001993,1,51,1.0,101074,0,True,False,True
100001994,1,38,1.0,87670,0,True,False,True
100001995,0,45,1.0,113414,0,True,True,False
100001996,1,47,1.0,123525,0,True,False,True
100001997,1,27,1.0,117744,0,False,True,False
100001998,0,31,0.0,86400,0,True,False,True
100001999,1,24,1.0,97968,0,False,False,True
100002000,0,25,0.0,68416,0,True,False,True
